<?xml version="1.0" encoding="UTF-8"?>

<searchresult>
  <query>data mining</query>
  <document id="0">
    <title>Mining Human Brain Data: Analysis, Classification, and Visualization</title>
    <snippet>... Mining Human Brain Data: Analysis, Classification, and Visualization ... Analysis, Classification, and Visualization. Keywords: Data mining, fmri, human brain activation, functional ...</snippet>
    <url>http://devlab.cs.dartmouth.edu/IDM-REPORT</url>
  </document>
  <document id="1">
    <title>Suggested Books</title>
    <snippet>How To Order. For pricing and ordering information, click on the the book title or on the little blue box to its left. ... Weiss, Sholom M. (1997). Predictive Data Mining . Morgan Kaufmann Publishers ... for a University course on data mining. Data mining software that implements the techniques discussed ...</snippet>
    <url>http://www.data-miners.com/resources/suggested.html</url>
  </document>
  <document id="2">
    <title>Data Mining Survivor: Glossary - O</title>
    <snippet>... DATA MINING. Desktop Survival Guide. by Graham Williams ... Support Vector Machines Text Mining Open Products Borgelt Data Mining Suite Gnome Data Mine R Weka Closed Products C4 ...</snippet>
    <url>http://www.togaware.com/datamining/survivor/O.html</url>
  </document>
  <document id="3">
    <title>SAP Data Access - Personal Data Mining</title>
    <snippet>SAP Data Access - PDM has the ability to extract tables from&amp;lt;BR&amp;gt;a SAP database directly from microsoft access. Our personal data mining&amp;lt;BR&amp;gt;database software is an excellent application and is available to download&amp;lt;BR&amp;gt;for free. ... Personal Data Miner for SAP - gives you the ability to reach into the SAP database directly from MS ... a library of extract queries for repetitive data mining tasks. and more ...</snippet>
    <url>http://www.pdm.lu/</url>
  </document>
  <document id="4">
    <title>Center for Data Insight - Data Mining Research Lab</title>
    <snippet>Data Mining Research lab where all the elements of the Data Mining process coexist in one center of excellence. The Center is partnered with the latest vendors of Data Mining products. ... of the Knowledge Discovery and Data Mining process. The CDI contains advanced ... and aggregation, statistical analysis, data mining predictive modeling, and data visualization. In ...</snippet>
    <url>http://www.insight.nau.edu/</url>
  </document>
  <document id="5">
    <title>TUSC - Business Intelligence Consulting, Data Mining and Data Warehousing</title>
    <snippet>Oracle Consulting: Business Intelligence, Data Warehousing, Data Modeling, Data Mining, Executive Portals, Reporting ... our clients use their data to fuel business results ... Data Warehousing and Data Integration. The obvious and ... is quality data. Data warehousing and other data integration technologies ...</snippet>
    <url>http://www.tusc.com/oracle/warehousing/service.html</url>
  </document>
  <document id="6">
    <title>DATA QUALITY MINING</title>
    <snippet>... The goal of DQM is to employ data mining methods in order to ... opens new and promising application ﬁelds for data mining. methods outside the ﬁeld of pure data analysis ...</snippet>
    <url>http://www.cs.cornell.edu/johannes/papers/dmkd2001-papers/p5_hipp.pdf</url>
  </document>
  <document id="7">
    <title>K-State KDD Lab: Knowledge Discovery and Data Mining</title>
    <snippet>... About the Knowledge Discovery and Data Mining Group. (Last updated 01 Jul 2001 ... we are interested in machine learning, data mining and knowledge discovery from large spatial and ...</snippet>
    <url>http://www.kddresearch.org/Groups/Data-Mining</url>
  </document>
  <document id="8">
    <title>Data Mining</title>
    <snippet>... Data mining is a powerful data warehousing technology to assist users with the abundance ... that they have collected. Data mining uses sophisticated statistical analyses and modeling ...</snippet>
    <url>http://www.knightsbridge.com/solutions/client/professional/requirements/mining.php</url>
  </document>
  <document id="9">
    <title>CISC333 Data Mining</title>
    <snippet>CISC 333 Weka Tutorial - Part 1. Introduction. This is a tutorial for those who are not familiar with Weka, the data mining package we'll be using in Cisc 333, which was built at the University of Waikato in New Zealand. ... an open source collection of data mining tasks which you can utilize ...</snippet>
    <url>http://www.cs.queensu.ca/home/mcconell/Weka.html</url>
  </document>
  <document id="10">
    <title>Taming Text - Computerworld</title>
    <snippet>Organizations are using text mining tools to glean information from their vast accumulations of unstructured data. ... Text mining tools take on unstructured data. Companies are increasingly using text mining tools to harness the ... yet match the accuracy of data mining tools, but vendors are improving ...</snippet>
    <url>http://www.computerworld.com/printthis/2004/0,4814,93968,00.html</url>
  </document>
  <document id="11">
    <title>Data Mining in Python</title>
    <snippet>Data Mining in Python. This is a collection of libraries useful for machine learning and data mining. It requires Python 2.3 or 2.2 and the Orange machine learning framework library, both freely downloadable. Clustering</snippet>
    <url>http://ai.fri.uni-lj.si/~aleks/orng/</url>
  </document>
  <document id="12">
    <title>Data Mining Challenges for Digital Libraries</title>
    <snippet>Data Mining Challenges for Digital Libraries. Abstract: Data mining is the automatic discovery of patterns, associations, anomalies and changes in data.</snippet>
    <url>http://www.rgrossman.com/dl/journal-015.htm</url>
  </document>
  <document id="13">
    <title>An Overview of Data Mining at Dun &amp; Bradstreet</title>
    <snippet>An Overview of Data Mining at Dun and Bradstreet ... Data mining, the extraction of hidden predictive information from large databases, is a ... information market of tomorrow." Data mining tools predict future trends and behaviors ...</snippet>
    <url>http://www.thearling.com/text/wp9501/wp9501.htm</url>
  </document>
  <document id="14">
    <title>DBMS -October 1997 - Data Warehouse Architect</title>
    <snippet>... Digging Into Data Mining. Your Data Warehouse is Your Data Mining Platform. Data mining is one of the ... exactly what is data mining? Is data mining just a generic name ...</snippet>
    <url>http://www.dbmsmag.com/9710d05.html</url>
  </document>
  <document id="15">
    <title>Data mining XML documents - Data Mining and .NET Framework :: Community</title>
    <snippet>Data Mining With SQL Server. Topic: Data mining XML documents. Data Mining and .NET Framework :: Community. Page 1 of 1 (20 items)</snippet>
    <url>http://www.visual-basic-data-mining.net/Forum/PrintPost.aspx?PostID=117</url>
  </document>
  <document id="16">
    <title>Home Page Penn Data Mining, LLC.</title>
    <snippet>... Penn Data Mining, LLC, is the storefront for Martin R ... and business leader, Marty's unsurpassed analytical and data-mining skills can deliver to you the confidence that ...</snippet>
    <url>http://www.penndatamining.com/</url>
  </document>
  <document id="17">
    <title>GAO-05-866 Data Mining: Agencies Have Taken Key Steps to Protect Privacy in Selected Efforts, but Significant ... </title>
    <snippet>... The five data mining efforts we reviewed are used by federal agencies to ... individual privacy rights are being appropriately protected. Data mining—a technique for ...</snippet>
    <url>http://www.gao.gov/new.items/d05866.pdf</url>
  </document>
  <document id="18">
    <title>Data Mining Overview</title>
    <snippet>Data Mining Overview. By: Dr. Michael Gilman, CEO, Data Mining Technologies Inc. With the proliferation of data warehouses, data mining tools are flooding the market. Their objective is to discover hidden gold in your data. ... tools and statistical analysis systems use the term "data mining" in their product ...</snippet>
    <url>http://www.crmodyssey.com/Documentation/Documentation_PDF/Data_Mining_Overview.PDF</url>
  </document>
  <document id="19">
    <title>DBMS - DBMS Data Mining Solutions Supplement</title>
    <snippet>DBMS, Data Mining Solutions Supplement. As recently as two years ago, data mining was a new concept for many people. Data mining products were new and marred by unpolished interfaces.</snippet>
    <url>http://www.dbmsmag.com/9807m01.html</url>
  </document>
  <document id="20">
    <title>datamining2 : Data Mining Club - 1200+ members!!</title>
    <snippet>... datamining2 · Data Mining Club - 1200+ members ... A forum to discuss business intelligence - specifically data mining and associated fields ...</snippet>
    <url>http://groups.yahoo.com/group/datamining2</url>
  </document>
  <document id="21">
    <title>Connotate Technologies, Inc.</title>
    <snippet>software and service providers of user-defined notification and wireless access.</snippet>
    <url>http://www.connotate.com/</url>
  </document>
  <document id="22">
    <title>MDM/KDD2003 - 4-th Multimedia Data Mining Workshop</title>
    <snippet>MDM/KDD2003. The Fourth International Workshop on Multimedia Data Mining. in conjunction with. The Ninth ACM SIGKDD International Conference on Knowledge Discovery &amp;amp; Data Mining August 24 - 27, 2003, Washington, DC, USA ... This year the Multimedia Data Mining workshop will bring together a diverse group of academics ... further used by Data Mining in conjunction with existing structured data, or combining ...</snippet>
    <url>http://research.it.uts.edu.au/emarkets/mdmkdd2003/mdmkdd2003_cfp.html</url>
  </document>
  <document id="23">
    <title>Data Mining - Web Home (Events)</title>
    <snippet>... To find Data Mining Events, check the Web Index, use Web Search or check the most recent changes (Web Changes ... Misc. General Data Mining Information - Introductions, Tutorials etc ...</snippet>
    <url>http://www.the-data-mine.com/bin/view/Events/WebHome</url>
  </document>
  <document id="24">
    <title>GAO: Data mining popular with agencies</title>
    <snippet>... 05/27/04. GAO: Data mining popular with agencies ... agencies, including the 24 largest, are using data mining techniques to detect criminals, improve services or uncover ...</snippet>
    <url>http://www.gcn.com/vol1_no1/daily-updates/26062-1.html</url>
  </document>
  <document id="25">
    <title>Oracle9i Data Mining FAQ</title>
    <snippet>SELECT COUNTRY China Japan Korea. ORACLE9i DATA MINING. What is Oracle9i Data Mining? ... Enterprise Edition (EE) that embeds data mining functionality for making classifications, predictions ...</snippet>
    <url>http://www.oracle.com/technology/products/oracle9i/htdocs/o9idm_faq.html</url>
  </document>
  <document id="26">
    <title>Data Mining Software</title>
    <snippet>Megaputer offers data mining, text mining, and web data mining software tools for e-commerce, database marketing, and CRM; seminars, training and consulting on data mining. Customer ... and versatile suite of advanced data mining tools. PolyAnalyst incorporates the latest ... discovery to analyze both structured and unstructured data. The PolyAnalyst platform offers ...</snippet>
    <url>http://www.megaputer.com/products/pa/index.php3</url>
  </document>
  <document id="27">
    <title>Data Mining</title>
    <snippet>Research. Data Mining. Professor. Dr. Raymond T. Ng. Phone: +1 (604) 822 2394. Fax: +1 (604) 822 5485 ... While having varying degrees of success, the data mining tools developed thus far, by and large, share ... provide for the most effective data mining from large databases, we believe ...</snippet>
    <url>http://www.cs.ubc.ca/~rng/research/datamining/data_mining.htm</url>
  </document>
  <document id="28">
    <title>Mastering Data Mining</title>
    <snippet>Companion page to Mastering Data Mining by Michael J. A. Berry and Gordon S. Linoff ... Praise for Mastering Data Mining. "Data mining will be essential for understanding customer behavior on the Web ... In a sense, data mining recently 'got the order' to become one ...</snippet>
    <url>http://www.data-miners.com/companion/mastering.html</url>
  </document>
  <document id="29">
    <title>GoldMine Reports, Database Management and Data Mining for Goldmine 6.x and Earlier Solutions and coming soon ... </title>
    <snippet>GoldMine Reports. " Data Management &amp;amp; Clean-Up. " Data Mining. " Analytics Tailored to GoldMine. Easy Reporting, Analysis and. Data Management for GoldMine®</snippet>
    <url>http://www.masterminesw.com/</url>
  </document>
  <document id="30">
    <title>Ian Davidson, Mining, Machine Learning, MML, Data Mining</title>
    <snippet>... and the $K$-Means Algorithm, 5th SIAM Data Mining Conference, (acceptance rate 14%). Winner, Best Paper ... Journal of Knowledge Discovery and Data Mining (email me for the extended ...</snippet>
    <url>http://www.cs.albany.edu/profiles/davidson.html</url>
  </document>
  <document id="31">
    <title>Data Mining &amp; Statistical Analysis Software | S-PLUS Books | Insightful</title>
    <snippet>Insightful's consulting group and S-PLUS software provide premier data mining and business intelligence solutions for finance, biopharm, manufacturing, e-business, government (GIS) and academia. ... ISBN 0-387-95549-6. Programming with Data. John M ... The Elements of Statistical Learning: Data Mining, Inference and Prediction ...</snippet>
    <url>http://www.insightful.com/support/splusbooks.asp</url>
  </document>
  <document id="32">
    <title>Data Mining Notes Data mining, QUB</title>
    <snippet>1 Data mining. 1.1 What is data mining? The past two decades has seen a dramatic increase in the amount of information or data being stored in electronic format. This accumulation of data has taken place at an explosive rate. ... This is where Data Mining or Knowledge Discovery in Databases (KDD) has ...</snippet>
    <url>http://www.pcc.qub.ac.uk/tec/courses/datamining/stu_notes/dm_book_2.html</url>
  </document>
  <document id="33">
    <title>Amazon.com: Exploratory Data Mining and Data Cleaning: Books: Tamraparni Dasu,Theodore Johnson,Tamraparni Dasu,... </title>
    <snippet>... Exploratory Data Mining and Data Cleaning (Hardcover) by Tamraparni Dasu, Theodore Johnson ... more) SIPs: data glitches, data quality metrics, approximate joins, data quality process ...</snippet>
    <url>http://www.amazon.com/exec/obidos/tg/detail/-/0471268518?v=glance</url>
  </document>
  <document id="34">
    <title>Affymetrix - Data Mining Tool (DMT)</title>
    <snippet>... Data Mining Tool (DMT) The Data Mining Tool (DMT) software provides a variety of tools for filtering and ...</snippet>
    <url>http://www.affymetrix.com/products/software/specific/dmt.affx</url>
  </document>
  <document id="35">
    <title>In Wild West of data mining, a new sheriff? - Tech News &amp; Reviews - MSNBC.com</title>
    <snippet>The data mining frontier could finally be seeing some civilizing influences take shape, particularly in the newly released recommendations of a panel headed by a former FCC chief. ... Even as the government increasingly relies on of data mining -- scouring databases in search of clues about terrorism ...</snippet>
    <url>http://msnbc.msn.com/id/5319360</url>
  </document>
  <document id="36">
    <title>Introduction to Data Mining: Concepts, Practices, and Research</title>
    <snippet>Introduction to Data Mining: Concepts, Practices, and Research. The course will offer a comprehensive overview of the techniques, algorithms and practices in the area of Data Mining. ... algorithms and practices in the area of Data Mining. The course will provide an introduction to data warehousing, data preparation for data mining, and several commonly ...</snippet>
    <url>http://www.spie.org/web/meetings/programs/or00/courses/SC177.html</url>
  </document>
  <document id="37">
    <title>Features</title>
    <snippet>Learn more about the hundreds of features added or updated in SQL Server 2005 ... advantage out of your enterprise data. Industry-leading support for enterprise data management, developer productivity, and ... from an enterprise-class data system. Learn more ...</snippet>
    <url>http://www.microsoft.com/sql/prodinfo/features/default.mspx</url>
  </document>
  <document id="38">
    <title>Data Mining Approaches for Intrusion Detection</title>
    <snippet>... Data Mining Approaches for Intrusion Detection1 ... The key ideas are to use data mining techniques to discover consistent and useful patterns of system features that ...</snippet>
    <url>http://www.cs.columbia.edu/~sal/hpapers/USENIX/usenix.html</url>
  </document>
  <document id="39">
    <title>Insightful Corporation</title>
    <snippet>the developer of the technical calculation application Mathcad, as well as developer and provider of a variety of other software tools for users of PCs, Macintosh computers, and UNIX workstations.</snippet>
    <url>http://www.insightful.com/</url>
  </document>
  <document id="40">
    <title>580Syllabus</title>
    <snippet>... Description: Data Mining studies algorithms and computational paradigms that allow computers to find ... The students will use recent Data Mining software. Prerequisites: CS 501 and ...</snippet>
    <url>http://www.cs.ccsu.edu/~markov/ccsu_courses/DataMining.html</url>
  </document>
  <document id="41">
    <title>Predictive Analysis Is Data Mining's Future :: Bio-IT World</title>
    <snippet>&amp;lt;b&amp;gt;Bio-IT World&amp;lt;/b&amp;gt; | New algorithms, better tools, and capabilities to mine unstructured data are helping data mining become mainstream. ... Early data-mining techniques -- associated with statistical theory and rudimentary artificial ... complex tools, lack of data-mining knowledge, and insufficient publicly visible ...</snippet>
    <url>http://www.bio-itworld.com/newsitems/2005/06-05/06-23-05-news-oracle</url>
  </document>
  <document id="42">
    <title>Salford Data mining 2006</title>
    <snippet>Conference | Call for Abstracts | Keynote Speakers | Tutorials | San Diego Program | Sydney Program | Travel | Registration | Previous Conferences | LATEST INFO</snippet>
    <url>http://www.salforddatamining.com/</url>
  </document>
  <document id="43">
    <title>Data Mining</title>
    <snippet>... Data Mining. What is Data Mining? It's the process of identifying information within your system ... and expertise to execute complex data mining projects, delivering to you information ...</snippet>
    <url>http://www.bcsgroup.net/datamining.htm</url>
  </document>
  <document id="44">
    <title>Book page</title>
    <snippet>... Jiawei Han and Micheline Kamber. Data Mining: Concepts and Techniques ... of Illinois at Urbana-Champaign: CS497JH "Data Mining: Concepts and Techniques", Fall 2001, Course general ...</snippet>
    <url>http://www.cs.sfu.ca/~han/DM_Book.html</url>
  </document>
  <document id="45">
    <title>CCSU - Data Mining</title>
    <snippet>Master of Science Degree. Accredited by the State of Connecticut Department of Higher Education. ... Details on how to apply to the Master of Science in data mining may be found here ... the Master of Science in Data Mining should download the revised Planned Program ...</snippet>
    <url>http://www.ccsu.edu/datamining/master.html</url>
  </document>
  <document id="46">
    <title>Integrating Data Mining with SQL Databases: OLE DB for Data Mining</title>
    <snippet>Integrating Data Mining with SQL Databases: OLE DB for Data Mining. Amir Netz Surajit Chaudhuri Usama Fayyad. 1. Jeff Bernhardt. Microsoft Corporation. 1. Author's current affiliation: digiMine, Inc. Abstract</snippet>
    <url>http://www.sce.carleton.ca/faculty/ajila/5703/Database-Mining/netza_oledb.pdf</url>
  </document>
  <document id="47">
    <title>ASP: Data Mining</title>
    <snippet>... Digital Dig - Data Mining in Astronomy. by Matthew Woodard ... where a computer can easily compare multiple sources, allowing the use of methods like data mining to assist research ...</snippet>
    <url>http://www.astrosociety.org/pubs/ezine/datamining.html</url>
  </document>
  <document id="48">
    <title>Data Mining</title>
    <snippet>ScanNet Systems Corporation. NAVIGATION MENU. www.snscorp.com. Product List. Data Mining with Visual e. Provides a Visual e Search Browser to Multivalue Applications ... The term "data mining" is associated with the process required to perform decision support ... Unlike other data mining tools on the market, the Visual e Search Browser accesses ...</snippet>
    <url>http://www.snscorp.com/Data_Mining.htm</url>
  </document>
  <document id="49">
    <title>Mining Association Rules in Spatio-Temporal Data</title>
    <snippet>... Spatio-temporal data mining is an emerging research area dedicated to the development and ... 2001; Koperski et al., 1996). Data mining techniques are. typically inductive, as opposed to ...</snippet>
    <url>http://astro.temple.edu/~jmennis/pubs/mennis_geocomp03.pdf</url>
  </document>
  <document id="50">
    <title>Data mining software for Windows and Solaris | Insightful Miner</title>
    <snippet>Scalable data mining software for predictive analysis, data modeling and business process planning. ... Products: Data Mining Software. S-PLUS ... Insightful Miner is a powerful, scalable, data mining and analysis workbench that enables organizations to deliver ...</snippet>
    <url>http://www.insightful.com/products/iminer</url>
  </document>
  <document id="51">
    <title>Dorian Pyle, data mining, modeling, CRM resources, non-technical data mining FAQ</title>
    <snippet>Model + Mine is Dorian Pyle's website, devoted to data mining, modeling and analytical CRM. Dorian wrote the industry-standard Data Preparation for Data Mining. ... What is data mining? Data mining is the art and science of understanding and characterizing data using ... help as it stands. Data mining is used to analyze massive amounts ...</snippet>
    <url>http://www.modelandmine.com/nfaq.htm</url>
  </document>
  <document id="52">
    <title>Microsoft.com</title>
    <snippet>... Analysis Services supports data mining from both relational and multidimensional data sources ... algorithms can train data mining models with data from any relational data source that ...</snippet>
    <url>http://msdn.microsoft.com/library/psdk/sql/agminingmodels_9ugj.htm</url>
  </document>
  <document id="53">
    <title>Data Mining, Text Mining and Web Mining Software</title>
    <snippet>Megaputer offers data mining, text mining, and web data mining software tools for e-commerce, database marketing, and CRM; seminars, training and consulting on data mining. ... Data Mining 101. White Papers ... Industry's most comprehensive data mining suite has just gotten better ...</snippet>
    <url>http://www.megaputer.com/html/polyanalyst4.0.html</url>
  </document>
  <document id="54">
    <title>B&amp;M Services - OLAP and Data Mining software for Windows</title>
    <snippet>B and M Services develops OLAP and Data Mining software tool for Windows. B and M Services provides consulting services for creating of OLAP cubes and building of a data warehouse. OLAP and Data mining software tools facilitate managers and ... easy-to-use OLAP and Data Mining tool for Microsoft Analysis Services ...</snippet>
    <url>http://www.bandmservices.com/</url>
  </document>
  <document id="55">
    <title>CDT's Guide to Online Privacy | Definition of Terms</title>
    <snippet>... is under discussion, such as physical contact information. Data Mining (also see Online Profiling ... Online Profiling (also see Individual Profiling and Data Mining) The practice of ...</snippet>
    <url>http://www.cdt.org/privacy/guide/terms</url>
  </document>
  <document id="56">
    <title>MIT OpenCourseWare | Sloan School of Management | 15.062 Data Mining, Spring 2003 | Home</title>
    <snippet>... marts specifically intended for management decision support. Data mining is a rapidly growing field that is ... The field of data mining has evolved from the disciplines of statistics ...</snippet>
    <url>http://ocw.mit.edu/OcwWeb/Sloan-School-of-Management/15-062Data-MiningSpring2003/CourseHome</url>
  </document>
  <document id="57">
    <title>IBM Redbooks | Mining Your Own Business in Banking Using DB2 Intelligent Miner for Data</title>
    <snippet>The new challenge of integrated solutions is to get more knowledge from data in order to build the most valuable solutions. ... This book also describes a data mining method to ensure that the optimum results are obtained ... data. - How to evaluate the model. - What data mining technique to use ...</snippet>
    <url>http://publib-b.boulder.ibm.com/Redbooks.nsf/RedbookAbstracts/sg246272.html?Open</url>
  </document>
  <document id="58">
    <title>thinkAnalytics</title>
    <snippet>helps organizations understand their customers by analyzing information buried in front-office CRM and other customer touch points.</snippet>
    <url>http://www.thinkanalytics.com/</url>
  </document>
  <document id="59">
    <title>Data Mining for Bioinformatics</title>
    <snippet>Genetic Algorithm Based Data Mining for Bioinformatics. Abstract. This paper is based on our research project in the application of data discovery and analysis. techniques for bioinformatics. ... successful application of data mining in molecule biology ...</snippet>
    <url>http://cse.unl.edu/~chwang/Home%20Page%20of%20Chang%20Wang_files/master.pdf</url>
  </document>
  <document id="60">
    <title>Pentagon continues some 'data mining' - U.S. Security - MSNBC.com</title>
    <snippet>... Pentagon continues some 'data mining' Controversial office eliminated, but not all research ... programs included some of 18 data-mining projects known as Evidence Extraction and ...</snippet>
    <url>http://www.msnbc.msn.com/id/4350463</url>
  </document>
  <document id="61">
    <title>Integrated database and data-mining system (US6324533)</title>
    <snippet>... Agrawal et al., " Data Mining: A Performance Perspective," IEEE Transactions on Knowledge and ... Developing Tightly-Coupled Data Mining Applications on a Relational Database System ...</snippet>
    <url>http://www.delphion.com/details?pn=US06324533__</url>
  </document>
  <document id="62">
    <title>Using DB2 Intelligent Miner for Data</title>
    <snippet>ibm.com/redbooks. Mining Your Own. Business in Health Care. Using DB2 Intelligent Miner for Data. Corinne Baragoin. Christian M. Andersen. Stephan Bayerl. Graham Bent. Jieun Lee. Christoph Schommer. Exploring the health care business. issues</snippet>
    <url>http://www.redbooks.ibm.com/pubs/pdfs/redbooks/sg246274.pdf</url>
  </document>
  <document id="63">
    <title>Data Mining Software &amp; Predictive Modeling</title>
    <snippet>data mining software &amp;amp; predictive modeling sold online by statsoft.com. To learn more about data mining, data mining software &amp;amp; predictive modeling visit statsoft.com ... a selection of automated and ready-to-deploy data mining solutions for a wide variety of business applications ... fully Web-enabled data analysis and data mining system on the market ...</snippet>
    <url>http://www.statsoft.com/products/dataminer.htm</url>
  </document>
  <document id="64">
    <title>tutorial on high performance data mining</title>
    <snippet></snippet>
    <url>http://www-users.cs.umn.edu/~mjoshi/hpdmtut</url>
  </document>
  <document id="65">
    <title>Survey of Clustering Data Mining Techniques</title>
    <snippet>Survey of Clustering Data Mining Techniques. Pavel Berkhin. Accrue Software, Inc. Clustering is a division of data into groups of similar objects. Representing the ... This survey focuses on clustering in. data mining. Data mining adds to clustering the complications of very large ...</snippet>
    <url>http://www.ee.ucr.edu/~barth/EE242/clustering_survey.pdf</url>
  </document>
  <document id="66">
    <title>Strategies for Data Mining on SQL Server 2000</title>
    <snippet>Chapter 24 of the Microsoft SQL Server 2000 Resource Kit describes data mining, which is an effective set of analysis tools and techniques used in the decision support process. ... 24 - Effective Strategies for Data Mining. Data mining is an effective set of analysis tools ... misconceptions about the role that data mining plays in decision support solutions ...</snippet>
    <url>http://www.microsoft.com/technet/prodtechnol/sql/2000/reskit/part6/c2461.mspx</url>
  </document>
  <document id="67">
    <title>Data Mining</title>
    <snippet>... Data Mining. About. Weblogs ... extraction, parsing, semantic interpretation, summarization), data mining, text mining are all being deployed in ...</snippet>
    <url>http://datamining.typepad.com/data_mining</url>
  </document>
  <document id="68">
    <title>daniell (or equal weight) window. in time series, the daniell ...</title>
    <snippet>... Data Mining. StatSoft defines data mining as an analytic process designed to ... information, see Data Mining. Data Preparation Phase. In Data Mining, the input data are often "noisy ...</snippet>
    <url>http://www.statsoft.com/textbook/glosd.html</url>
  </document>
  <document id="69">
    <title>Data Mining For Prediction of Aircraft Component Replacement</title>
    <snippet>... Data Mining For Prediction of Aircraft ... extending the range of potential applications for. data mining techniques. Examples of other applications that can bene t ...</snippet>
    <url>http://www.site.uottawa.ca/~stan/papers/1999/componentFailureIEEE.pdf</url>
  </document>
  <document id="70">
    <title>Two Crows white paper: "Scalable Data Mining"</title>
    <snippet>White paper on the reasons scalable data mining solutions are needed and the main methods of achieving scalability. ... Data mining can yield exciting results for almost every organization that collects data on its customers ... and relationships in the data, data mining enables users to extract greater ...</snippet>
    <url>http://www.twocrows.com/whitep.htm</url>
  </document>
  <document id="71">
    <title>SAS | Data and Text Mining</title>
    <snippet>... Data &amp;amp; Text Mining. - Predictive Analytics/Data Mining. - Text Mining ... Leadership Status in META Group's Evaluation of Data Mining Tools. Bloor Research - Enterprise Miner from SAS ...</snippet>
    <url>http://www.sas.com/technologies/analytics/datamining/market.html</url>
  </document>
  <document id="72">
    <title>Predictive Analytics with Data Mining: How It Works</title>
    <snippet>... Predictive analytics is data mining technology that uses your customer data to build a predictive model specialized ... He is an expert in data mining and predictive analytics and an ...</snippet>
    <url>http://www.dmreview.com/article_sub.cfm?articleID=1019956</url>
  </document>
  <document id="73">
    <title>DATA MINING</title>
    <snippet>... of DataMining AlgorithmsQUEST Data Mining INTRODUCTION: What is Data Mining Data mining is the most ...</snippet>
    <url>http://www.cs.ndsu.nodak.edu/~perrizo/classes/765/assocrule.html</url>
  </document>
  <document id="74">
    <title>Benchmarking- Data Mining Benchmarking Association</title>
    <snippet>Data Mining Benchmarking Association is an association of companies that conducts benchmarking studies to identify the best practices surrounding data mining issues that improve the overall operations of the members. ... To conduct benchmarking studies of important data mining processes. To create a cooperative environment where full ...</snippet>
    <url>http://www.dmbenchmarking.com/</url>
  </document>
  <document id="75">
    <title>Data Mining &amp; Statistical Analysis Software | S-PLUS Books | Insightful</title>
    <snippet>Insightful's consulting group and S-PLUS software provide premier data mining and business intelligence solutions for finance, biopharm, manufacturing, e-business, government (GIS) and academia. ... ISBN 0-387-95549-6. Programming with Data. John M ... The Elements of Statistical Learning: Data Mining, Inference and Prediction ...</snippet>
    <url>http://www.insightful.com/resources/biblio.html</url>
  </document>
  <document id="76">
    <title>Extend Table Lens for High-Dimensional Data Visualization and Classification Mining</title>
    <snippet>... Data mining and information visualization apply different techniques to solve the same ... accurate than well-developed data mining methods. 1.3 Relationship Between Table Lens and ...</snippet>
    <url>http://www.cs.ubc.ca/~tmm/courses/cpsc533c-03-spr/projects/fengdong/533report.pdf</url>
  </document>
  <document id="77">
    <title>The Washington Monthly</title>
    <snippet>... the operation's technology analysts used data mining and fusion techniques to search terabyte-sized data sets ... is the kind you need for genuine data mining — is pretty unlikely ...</snippet>
    <url>http://www.washingtonmonthly.com/archives/individual/2005_08/006912.php</url>
  </document>
  <document id="78">
    <title>Microsoft Word - Research Brief--Data Mining Final Format 091404 - revised1</title>
    <snippet>... Data mining is generally part of a larger business intelligence or knowledge management ... mere mention of the term "data. mining," defining what data mining is and is not has become ...</snippet>
    <url>https://www.nascio.org/nascioCommittees/privacy/data%20mining.pdf</url>
  </document>
  <document id="79">
    <title>The UCR Time Series Data Mining Archive - Papers | Keogh, E. &amp; Folias, T. (2002)</title>
    <snippet>Directory Listing of Publications related to Time Series in alphabetic order. André-Jönsson, H. &amp;amp; Badal. D. ( 1997). Using signature files for querying time-series data. ... time-series data. In proceedings of Principles of Data Mining and Knowledge Discovery, 1st European ... Advances in Knowledge Discovery and Data Mining. AAAI/MIT Press, Menlo Park ...</snippet>
    <url>http://www.cs.ucr.edu/~eamonn/TSDMA/tsdma_papers.html</url>
  </document>
  <document id="80">
    <title>Government's underground data mining | Tech News on ZDNet</title>
    <snippet>... pull the plug last year on the Pentagon's data-mining plan known as Total Information Awareness, but it ... federal agencies have undertaken 199 data-mining efforts, 131 of which are ...</snippet>
    <url>http://news.zdnet.com/2100-9595_22-5223102.html</url>
  </document>
  <document id="81">
    <title>Astrogrid and data mining</title>
    <snippet>... Astrogrid and data mining. Clive G. Page. Dept. of Physics &amp;amp; Astronomy, University of Leicester ... of finding suitable software for the management of data archives, and for data mining ...</snippet>
    <url>http://www.star.le.ac.uk/~cgp/agdm.html</url>
  </document>
  <document id="82">
    <title>Data mining for fool's gold - Computerworld</title>
    <snippet>Earlier this year, John Suomu thought his data mining tool was on to something big. The tool appeared to have discovered a group of unprofitable customers who weren't worth the time and m ... Such are the perils of data mining. The tools, which search databases for hard-to-detect patterns and ... president of predictive modeling and data mining at The Chase Manhattan Bank ...</snippet>
    <url>http://www.computerworld.com/cwi/story/0,1199,NAV47_STO11831,00.html</url>
  </document>
  <document id="83">
    <title>Data Mining - Computerworld</title>
    <snippet>Data mining is a process that finds relationships and patterns within a large amount of data stored in a database. The process uses tools based on algorithms to sift through mounds of data to find relationships. ... Warehouse analysis vs. Data mining. Warehouse analysis. Data starts with a hypothesis and then pulls up the ... likely to buy pricey items. Data mining. This process creates the theory ...</snippet>
    <url>http://www.computerworld.com/printthis/1999/0,4814,43509,00.html</url>
  </document>
  <document id="84">
    <title>Data Mining Strategies</title>
    <snippet>... Despite the promises of early data mining evangelists, data mining is not a silver bullet for ... results to appear. Successful data mining projects typically employ a formal and ...</snippet>
    <url>http://www.dmreview.com/master.cfm?NavID=198&amp;EdID=2367</url>
  </document>
  <document id="85">
    <title>Web Data Mining</title>
    <snippet>Web Mining extracts semi-structured information from Web pages. ... Standard Mining. Standard Web Mining is a low-cost way to extract common data from Web ... your contact data against contact data on Web sites. Custom Mining. We can design ...</snippet>
    <url>http://www.blossom.com/web_mining.html</url>
  </document>
  <document id="86">
    <title>DBMS - February 1997 - Data Mining Today</title>
    <snippet>Data Mining Today. By Peter Brooks. DBMS, February 1997. Surveying the current stock of picks and shovels for effective data warehousing. ... Although both data mining and decision-support applications can lead to the discovery of new data relationships, data mining tools often find unsuspected ...</snippet>
    <url>http://www.dbmsmag.com/9702d16.html</url>
  </document>
  <document id="87">
    <title>The Java Community Process(SM) Program - JSRs: Java Specification Requests - detail JSR# 73</title>
    <snippet>... and maintain data and metadata supporting data mining models, data scoring, and data mining results serving J2EE ... agreed upon, standard API for data mining. By using JDMAPI ...</snippet>
    <url>http://www.jcp.org/en/jsr/detail?id=73</url>
  </document>
  <document id="88">
    <title>Oracle9 i Data Mining</title>
    <snippet>Data Mining. Data Sheet. August 2002. Oracle9i Data Mining enables companies to build integrated business intelligence. applications. Using data mining functionality embedded in the Oracle9i Database,</snippet>
    <url>http://www.oracle.com/technology/products/oracle9i/datasheets/data_mining_rel2_ds.pdf</url>
  </document>
  <document id="89">
    <title>Data Mining Forum ICDM'2006</title>
    <snippet>Annual conference on data mining and machine learning serving researchers in industry and medicine. Leipzig, Germany; July 14-15, 2006.</snippet>
    <url>http://www.data-mining-forum.de/</url>
  </document>
  <document id="90">
    <title>The New York Times &amp;gt; National &amp;gt; Survey Finds U.S. Agencies Engaged in 'Data Mining'</title>
    <snippet>A survey of federal agencies has found more than 120 programs that collect and analyze large amounts of personal data on individuals to predict their behavior. ... These agencies reported 199 data mining projects, of which 68 were planned and 131 were in operation ... by the high number of data mining activities in the federal government involving ...</snippet>
    <url>http://www.nytimes.com/2004/05/27/national/27privacy.html?ex=1401076800&amp;en=5671e4c741290d53&amp;ei=5007&amp;partner=USERLAND</url>
  </document>
  <document id="91">
    <title>DSstar: NUMERIC COMPONENTS AND DATA MINING: PART II</title>
    <snippet>Numerical Algorithms Group. NUMERIC COMPONENTS AND DATA MINING: PART II. by NAG for DSstar. Numeric Components and Data Mining Part II: Case Study - Informix NAG Financial Datablade ... are transforming the capabilities of classic data mining and automated knowledge discovery tools ... the special challenges of providing data mining tools for the finance industry ...</snippet>
    <url>http://www.nag.com/local/nagping/np006a1.asp</url>
  </document>
  <document id="92">
    <title>CIS 694Z: Introduction to Data Mining</title>
    <snippet>... discovery process, key data mining techniques, efficient high performance mining algorithms, exposure to applications of data mining (bioinformatics and intrusion detection ...</snippet>
    <url>http://www.cse.ohio-state.edu/~srini/694Z</url>
  </document>
  <document id="93">
    <title>Web Mining with C# - Data Mining and .NET Framework :: Community</title>
    <snippet>Data Mining Forum. Topic: Web Mining with C# Data Mining and .NET Framework :: Community. Page 1 of 1 (9 items) Posted by mist on 09-08-2003 2:08 AM ... PERL.NET and how good it is for data mining? Should I use that instead of ...</snippet>
    <url>http://www.visual-basic-data-mining.net/Forum/PrintPost.aspx?PostID=638</url>
  </document>
  <document id="94">
    <title>Database &amp; Data Mining Lab</title>
    <snippet>About the DDM Lab. In today's information society, we witness an explosive growth of the amount of information becoming available in electronic form and stored in large databases. ... The core step of KDD, which has received most attention of researchers, is data mining, i.e ... patterns from a database. Data mining techniques have already been successfully applied ...</snippet>
    <url>http://www.cs.sfu.ca/~ddm</url>
  </document>
  <document id="95">
    <title>Data Mining Survivor: Glossary - I</title>
    <snippet>... DATA MINING. Desktop Survival Guide. by Graham Williams ... Support Vector Machines Text Mining Open Products Borgelt Data Mining Suite Gnome Data Mine R Weka Closed Products C4 ...</snippet>
    <url>http://www.togaware.com/datamining/survivor/I.html</url>
  </document>
  <document id="96">
    <title>Business Intelligence: What is Data Mining?</title>
    <snippet>... During the last several years, data mining techniques have been used by companies to understand the ... There are various data mining techniques that have been deployed in order ...</snippet>
    <url>http://www.dmreview.com/master.cfm?NavID=198&amp;EdID=2582</url>
  </document>
  <document id="97">
    <title>NSF, Intelligence Community Work on Data-Mining Research - NewsFactor Network</title>
    <snippet>... NSF, Intelligence Community Work on Data-Mining Research. By Jay Wrolstad ... with the CIA's technology branch to develop data-mining techniques in order to analyze communications and ...</snippet>
    <url>http://www.newsfactor.com/perl/story/18872.html</url>
  </document>
  <document id="98">
    <title>What is data mining? - A Word Definition From the Webopedia Computer Dictionary</title>
    <snippet>This page describes the term data mining and lists other pages on the Web where you can find additional information. ... For example, data mining software can help retail companies find customers with common interests ... that presents data in new ways. True data mining software doesn't just change the ...</snippet>
    <url>http://www.webopedia.com/TERM/O/data_mining.html</url>
  </document>
  <document id="99">
    <title>Data Management, Exploration and Mining- Home</title>
    <snippet>The Data Management Exploration and Mining Group (DMX). ... break down with massive data sets. Therefore, we aim at exploiting data mining techniques, i.e ... Our research effort in data mining focuses on ensuring that traditional techniques ...</snippet>
    <url>http://research.microsoft.com/dmx</url>
  </document>
  <document id="100">
    <title>Companies in Data Mining and Knowledge Discovery</title>
    <snippet>... See also Data Mining Software guide and. industry-specific Data Mining Solutions. Match All Any Phrase in index: [Recent] [Courses, Meetings ...</snippet>
    <url>http://www.kdnuggets.com/companies</url>
  </document>
</searchresult>
