<?xml version="1.0" encoding="UTF-8"?>

<searchresult>
  <query>seattle</query>
  <document>
    <title>City of Seattle</title>
    <snippet>Official site featuring a guide to living in Seattle and information on doing business, city services, and visitor's resources.</snippet>
    <url>http://www.seattle.gov/</url>
  </document>
  <document>
    <title>Seattle's Convention and Visitors Bureau</title>
    <snippet>Includes a visitors guide to Seattle, calendar of events, map, hotel reservations, and other tourism resources.</snippet>
    <url>http://www.seeseattle.org/</url>
  </document>
  <document>
    <title>The Seattle Times</title>
    <snippet>Daily newspaper presenting local and worldwide news headlines, entertainment, sports, and business coverage.</snippet>
    <url>http://www.seattletimes.com/</url>
  </document>
  <document>
    <title>Seattle Weekly</title>
    <snippet>In-depth news, innovative arts coverage, comprehensive entertainment listings, and searchable classifieds.</snippet>
    <url>http://www.seattleweekly.com/</url>
  </document>
  <document>
    <title>Visiting Seattle</title>
    <snippet>Official guide from the City of Seattle. Includes a virtual tour, points of interest, photos, directions, and local resources like hotels and restaurants.</snippet>
    <url>http://www.cityofseattle.net/html/visitor</url>
  </document>
  <document>
    <title>Metroblogging Seattle</title>
    <snippet>Hyper-local look at what's going on in the city. Regional bloggers give a perspective on daily life.</snippet>
    <url>http://seattle.metblogs.com/</url>
  </document>
  <document>
    <title>Seattle SuperSonics</title>
    <snippet>Official site of the Sonics, featuring news, schedule and scores, players, stats, ticket information, and more.</snippet>
    <url>http://www.nba.com/sonics</url>
  </document>
  <document>
    <title>Seattle, Washington - Wikipedia, the free encyclopedia</title>
    <snippet>Seattle, Washington. From Wikipedia, the free encyclopedia. "Seattle" redirects here. For the Suquamish chief, see Chief Seattle. Seattle, Washington. Nickname: "The Emerald City" Location. Government. Geographical characteristics. Land</snippet>
    <url>http://en.wikipedia.org/wiki/Seattle</url>
  </document>
  <document>
    <title>Seattle-Tacoma International Airport (SEA-TAC)</title>
    <snippet>Maps, shuttles, tourist info, and more.</snippet>
    <url>http://www.portseattle.org/seatac/</url>
  </document>
  <document>
    <title>EarthCam: Seattle</title>
    <snippet>Directory of live cams across the Seattle area.</snippet>
    <url>http://www.earthcam.com/usa/washington/seattle</url>
  </document>
  <document>
    <title>Metroblogging Seattle: Zombies!</title>
    <snippet>posted by Samantha Mastridge at 12:36 PM on October 11, 2005 ... chance to, "Walk with your un-dead brethren through the streets of Seattle in the light of day ... and play here every day, Seattle is one of over forty five ...</snippet>
    <url>http://seattle.metblogs.com/archives/2005/10/zombies.phtml</url>
  </document>
  <document>
    <title>craigslist: seattle</title>
    <snippet>Online community with classifieds for housing, jobs, community events, volunteer opportunities, and for-sale items.</snippet>
    <url>http://seattle.craigslist.org/</url>
  </document>
  <document>
    <title>Seattle Post-Intelligencer</title>
    <snippet>... View map * Seattle (Central) Seattle (Southeast) Seattle (Southwest) Seattle (Northwest) Seattle (Northeast) North ... Vashon Island Wallingford West Seattle Whidbey Island White Center ...</snippet>
    <url>http://seattlepi.nwsource.com/</url>
  </document>
  <document>
    <title>Seattle, Washington - Wikipedia, the free encyclopedia</title>
    <snippet>Seattle, Washington From Wikipedia, the free encyclopedia "Seattle" redirects here. For the Suquamish chief, see Chief Seattle. Seattle, Washington Nickname: "The Emerald City" Location Government Geographical characteristics Land</snippet>
    <url>http://en.wikipedia.org/wiki/Seattle,_Washington</url>
  </document>
  <document>
    <title>Weather Underground: Seattle</title>
    <snippet>Features current conditions, a forecast, radar images, and more.</snippet>
    <url>http://www.wunderground.com/US/WA/Seattle.html</url>
  </document>
  <document>
    <title>Seattle Mariners</title>
    <snippet>Official site for the Seattle Mariners. Features up-to-date stats and results, player bios, minor league information, ticket and merchandise ordering info, player photos, and audio highlights.</snippet>
    <url>http://www.mariners.org/</url>
  </document>
  <document>
    <title>Seattlest</title>
    <snippet>What's happening in Seattle, including news and events, restaurants and bars, and goings-on.</snippet>
    <url>http://www.seattlest.com/</url>
  </document>
  <document>
    <title>Seattle University</title>
    <snippet>Student Diaries Personal accounts of life at SU Fun Stuff E-Postcards and desktop downloads Born to run Law school student races into SU's record books. Seattle University Seattle University is the largest independent university in the Pacific Northwest. ... Connecting the Mind To What Matters Seattle University 901 12th Avenue, P.O ...</snippet>
    <url>http://www.seattleu.edu/</url>
  </document>
  <document>
    <title>Washington State &amp;gt; Seattle Metro in the Yahoo! Directory</title>
    <snippet>Yahoo! reviewed these sites and found them related to Washington State &amp;gt; Seattle Metro</snippet>
    <url>http://seattle.yahoo.com/</url>
  </document>
  <document>
    <title>Holiday Inn Express Seattle Hotels - Holiday Inn Express Hotel Reservations Seattle, WA</title>
    <snippet>Holiday Inn Express Seattle Hotels - Lowest Internet Rates Guaranteed - Make Hotel Reservations for Seattle Downtown and all Seattle Hotel Locations</snippet>
    <url>http://www.seattlehotels.holidayinnexpress.com/</url>
  </document>
  <document>
    <title>Seattle Seahawks</title>
    <snippet>Official site of the Seahawks. Includes schedule, news, multimedia, photos, player information, statistics, team store, tickets, and more.</snippet>
    <url>http://www.seahawks.com/</url>
  </document>
  <document>
    <title>Seattle Mariners</title>
    <snippet>Official site for the Seattle Mariners. Features up-to-date stats and results, player bios, minor league information, ticket and merchandise ordering info, player photos, and audio highlights.</snippet>
    <url>http://seattle.mariners.mlb.com/NASApp/mlb/index.jsp?c_id=sea</url>
  </document>
  <document>
    <title>Seattle Seahawks - NFL.com</title>
    <snippet>Offers the latest Seahawks news.</snippet>
    <url>http://www.nfl.com/teams/news/SEA</url>
  </document>
  <document>
    <title>Seattle/Tacoma - About.com</title>
    <snippet>Your central resource for a wide range of information related to the Seattle/Tacoma metropolitan area. Information includes arts, entertainment, business, education, employment, government, health, lodging, media, real estate, restaurants, ... As the Seattle metro area continues to grow, many people are finding South King County a great place ...</snippet>
    <url>http://seattle.about.com/</url>
  </document>
  <document>
    <title>Current local time in Seattle - Washington - U.S.A.</title>
    <snippet>Current local time in Seattle. Seattle, Washington, U.S.A. Current time. Thursday, July 6, 2006 at 6:44:14 PM PDT. UTC/GMT Offset. Standard time zone: UTC/GMT -8 hours. Daylight saving time: +1 hour. Current time zone offset: UTC/GMT -7 hours. Time zone abbreviation:</snippet>
    <url>http://www.timeanddate.com/worldclock/city.html?n=234</url>
  </document>
  <document>
    <title>Port of Seattle</title>
    <snippet>Operates the airport and the marine terminals.</snippet>
    <url>http://www.seatac.org/</url>
  </document>
  <document>
    <title>Seattle SuperSonics News, Scores, Schedule, Stats - Yahoo! Sports</title>
    <snippet>Comprehensive and up-to-date Seattle SuperSonics news, scores, schedule, stats and roster ... Sacramento Kings San Antonio Spurs Seattle SuperSonics Toronto Raptors Utah Jazz Washington ... first contract talks between the Seattle SuperSonics and restricted free agent forward ...</snippet>
    <url>http://sports.yahoo.com/nba/teams/sea</url>
  </document>
  <document>
    <title>Seattle Magazine</title>
    <snippet>Monthly city and lifestyle magazine covering the arts, dining, personalities, businesses, and more.</snippet>
    <url>http://seattlemag.com/</url>
  </document>
  <document>
    <title>Seattle.Net</title>
    <snippet>Links to all things Seattle including local business, entertainment, and community web sites.</snippet>
    <url>http://www.seattle.net/</url>
  </document>
  <document>
    <title>HistoryLink</title>
    <snippet>The online encyclopedia of Washington state history. Featuring essays, timelines, photos, study aids, and more.</snippet>
    <url>http://www.historylink.org/</url>
  </document>
  <document>
    <title>Seattle International Film Festival</title>
    <snippet>Held annually, from late May to early June.</snippet>
    <url>http://www.seattlefilm.com/</url>
  </document>
  <document>
    <title>Seattle Wireless</title>
    <snippet>Project to develop a community wireless network.</snippet>
    <url>http://www.seattlewireless.net/</url>
  </document>
  <document>
    <title>Seattle Aquarium</title>
    <snippet>Features visitor information, kid resources, education, and conservation resources.</snippet>
    <url>http://www.seattleaquarium.org/</url>
  </document>
  <document>
    <title>Seattle Travel Information | Lonely Planet Destination Guide</title>
    <snippet>Lonely Planet's online guide to Seattle ... Ever wondered whether caffeine is a viable substitute for sunshine? If so, Seattle is your kind of town ... other city in the region, Seattle epitomises what people know of (and ...</snippet>
    <url>http://www.lonelyplanet.com/worldguide/destinations/north-america/usa/seattle/</url>
  </document>
  <document>
    <title>Seattle Seahawks News, Scores, Schedule, Stats - Yahoo! Sports</title>
    <snippet>Comprehensive and up-to-date Seattle Seahawks news, scores, schedule, stats and roster ... Seattle Seahawks. Seattle Seahawks. 13-3-0, 1st NFC West ... Jets Oakland Raiders Philadelphia Eagles Pittsburgh Steelers San Diego Chargers Seattle Seahawks San Francisco 49ers St ...</snippet>
    <url>http://sports.yahoo.com/nfl/teams/sea</url>
  </document>
  <document>
    <title>Seattle Citysearch</title>
    <snippet>Local city guide and yellow pages with business listings, reviews, events, nightlife, and other features.</snippet>
    <url>http://seattle.citysearch.com/</url>
  </document>
  <document>
    <title>Seattle on 43 Places</title>
    <snippet>Advertisements. No obligation search of the entire Seattle MLS. 1000's of listings. A Complete Resource - Find Maps, Photos, Helpful Hints, Links &amp;amp; More. Moving? Get info on schools, homes, jobs, Free Relo Information! ... So Seattle, I explored with him when I went up for my 8 days ...</snippet>
    <url>http://www.43places.com/places/view/106707</url>
  </document>
  <document>
    <title>Seattle Thunderbirds</title>
    <snippet>Official site features ticket information, schedule, stats, news, game recaps, and more.</snippet>
    <url>http://www.seattle-thunderbirds.com/</url>
  </document>
  <document>
    <title>Seattle, WA vacations, tourism, hotels, and attractions - Yahoo! Travel</title>
    <snippet>Seattle, WA vacations: Find the best Seattle hotels, attractions, maps, pictures, weather, airport information, travel advice and more on Yahoo! Travel.</snippet>
    <url>http://travel.yahoo.com/p-travelguide-191502031-seattle_vacations-i</url>
  </document>
  <document>
    <title>Seattle Opera</title>
    <snippet>Julius Caesar and The Italian Girl in Algiers round out this unbelievable season. Listen to musical highlights, view photos of scrumptious costumes, and buy your subscription online today. ... Seattle Opera, 1020 John Street, Seattle, Washington 98109 Copyright © 2005 Seattle Opera ...</snippet>
    <url>http://www.seattleopera.org/</url>
  </document>
  <document>
    <title>ESPN.com: Seattle SuperSonics Clubhouse</title>
    <snippet>News, schedule, player stats, roster, and message board.</snippet>
    <url>http://sports.espn.go.com/nba/clubhouse?team=sea</url>
  </document>
  <document>
    <title>Martin Luther King Jr. - Seattle Times</title>
    <snippet>Online exhibit about Dr. Martin Luther King and the civil rights movement in the U.S. Learn about the civil rights leader and his work, read his speeches, or read present-day writings about his legacy.</snippet>
    <url>http://seattletimes.nwsource.com/mlk/</url>
  </document>
  <document>
    <title>Seattle Washington Apartments For Rent | Seattle Apartment Rentals | Apartments.com</title>
    <snippet>Find an Apartment in Seattle on Apartments.com, your Seattle apartment guide! ... to start your search for an apartment in Seattle. Plug in to our Seattle apartments power search and ...</snippet>
    <url>http://seattle.apartments.com/</url>
  </document>
  <document>
    <title>Seattle Wanderlust on 43 Places</title>
    <snippet>Seattle Wanderlust. Goals Popular in Seattle. People in Seattle. 15 places. 42 places. 42 places. 30 places. 29 places. 4 places. 43 places. 43 places</snippet>
    <url>http://www.43places.com/city/wanderlust/106707</url>
  </document>
  <document>
    <title>Map of Seattle, WA by MapQuest</title>
    <snippet>Map search for Seattle, WA provided by MapQuest. The consumer's choice for online maps and directions. ... Send Flowers in Seattle &amp;amp; Save $8. Guaranteed Same Day Delivery ... Same Day Seattle Delivery Guarantee. Family Owned For Over 90 Years ...</snippet>
    <url>http://www.mapquest.com/maps/map.adp?country=US&amp;address=&amp;city=Seattle&amp;state=WA</url>
  </document>
  <document>
    <title>SEATTLE</title>
    <snippet>Seattle: Selected Resources. (http://faculty.washington.edu/krumme/readings/seattle.html) QUICK INDEX: opened in 1999, is located in a 1922 building on Seattle's historic First Hill. ... 1993, and conducted with the assistance of the City of Seattle, Port of Seattle, and King County governments ...</snippet>
    <url>http://faculty.washington.edu/~krumme/readings/seattle.html</url>
  </document>
  <document>
    <title>Seattle Center</title>
    <snippet>Search Events. Today's Date. Today's Events. Event Calendar. JanFebMarAprMayJunJulAugSepOctNovDec20062007. July 2006. S. M. T. W. T. F. S. 26. 27. 28. 29. 30. 31. 1. 2. 3. 4. 5. @ Seattle Center. History Photos. HISTORY PHOTOS - ... An overhead view of Seattle Center as it looked for the 1962 World's Fair ... roof begins to take shape at the Seattle Center Coliseum, what would be the Washington State ...</snippet>
    <url>http://www.seattlecenter.com/Information/historyphotos.asp</url>
  </document>
  <document>
    <title>Houghton Mifflin College - Log In/Registration</title>
    <snippet>Your browser's JavaScript support has been disabled. Please enable JavaScript to make use of this site. Registered Members. Please enter your username and password. Username: Password: This is a case-sensitive field. New Members</snippet>
    <url>https://secure.college.hmco.com/passkeyauth/college_loginandregister.html?targeturl=%2Fhistory%2Freaderscomp%2Fnaind%2Fhtml%2Fna_035100_seattle.htm</url>
  </document>
  <document>
    <title>SeattleInsider</title>
    <snippet>Source for local news, weather, movie listings, and Mariners/Seahawks updates.</snippet>
    <url>http://www.seattleinsider.com/</url>
  </document>
  <document>
    <title>Flickr: Photos tagged with seattle</title>
    <snippet>... NEW Explore and refine seattle photos with our brand new clustery goodness ... Real Estate MLS for Seattle, Washington. Official MLS site for greater SeaTac area ...</snippet>
    <url>http://www.flickr.com/photos/tags/seattle</url>
  </document>
  <document>
    <title>Seattle Intergroup of AA</title>
    <snippet>Revealing, touching, sometimes startlingly frank stories of recovery from Seattle Intergroup's newsletter, "the High &amp;amp; Dry" ... The Seattle Intergroup serves the Greater Seattle area's AA members and groups by ...</snippet>
    <url>http://www.seattleaa.org/</url>
  </document>
  <document>
    <title>Seattle Loftcam</title>
    <snippet>... Seattle Loftcam brought to you by Mark - Bio ... Sign up for a FREE MEMBERSHIP with Seattle Loftcam and get ...</snippet>
    <url>http://www.loftcam.com/</url>
  </document>
  <document>
    <title>Local Weather Forecast for Seattle, WA - weather.com</title>
    <snippet>Local Weather Forecast for Seattle, WA. Todays weather plus a 36 hour forecast and doppler radar. ... Home &amp;gt; Local Forecast for Seattle, WA. Yesterday. Today ... Right Now for. Seattle, WA. Save this Location ...</snippet>
    <url>http://www.weather.com/weather/local/USWA0395</url>
  </document>
  <document>
    <title>Washington State &amp;gt; Seattle in the Yahoo! Directory</title>
    <snippet>Yahoo! reviewed these sites and found them related to Washington State &amp;gt; Seattle ... Search: the Web | the Directory | Seattle. Washington State &amp;gt; Seattle ...</snippet>
    <url>http://dir.yahoo.com/Regional/U_S__States/Washington/Cities/Seattle</url>
  </document>
  <document>
    <title>Seattle Channel</title>
    <snippet>Seattle Channel -- Connecting With Life In The City ... Send in your thoughts and questions to talkback@seattle.gov ... Arts is an annual funding program that supports out-of-school arts training for Seattle middle and high school youth ...</snippet>
    <url>http://www.seattlechannel.org/</url>
  </document>
  <document>
    <title>Seattle</title>
    <snippet>Sign up for. Amtrak Cascades. travel deals! Promotions, tips &amp;amp; travel. information is available. by e-mail. Learn more... Learn more about our. privacy policy... Visit Seattle, the 'Emerald City', and walk along the sparkling waterfront or tour the gems ... heart of downtown. The Seattle Center houses Seattle Repertory Theater, Intiman Theater ...</snippet>
    <url>http://www.amtrakcascades.com/Seattle.aspx</url>
  </document>
  <document>
    <title>Home Page: Coffee and Wireless in Seattle</title>
    <snippet>... Seattle is rich in good, independent coffee shops that offer free, or mostly free wireless access ... Newer and betterer map of Seattle wireless coffee shops from Brandon and the new ...</snippet>
    <url>http://seattle.wifimug.org/</url>
  </document>
  <document>
    <title>Stranger, The</title>
    <snippet>Weekly urban manual.</snippet>
    <url>http://www.thestranger.com/</url>
  </document>
  <document>
    <title>Seattle, Washington - Wikimedia Commons</title>
    <snippet>... Seattle is a city in the state of Washington, USA ... View of downtown Seattle from Kerry Park. Mt. Rainier appears barely visible through the haze to the right of the ...</snippet>
    <url>http://commons.wikimedia.org/wiki/Seattle</url>
  </document>
  <document>
    <title>Seattle Restaurants, Washington Restaurants</title>
    <snippet>Online Restaurant Reservations in Seattle / Washington: Seattle, North of Seattle, South of Seattle, Eastside, Tacoma, Walla Walla, and Whidbey Island ... Fish House - Seattle Morton's, The Steakhouse - Seattle Nell's Oceanaire Seafood Room - Seattle Palisade Palomino - Seattle Piatti - Seattle Ponti ...</snippet>
    <url>http://www.opentable.com/start.aspx?m=2</url>
  </document>
  <document>
    <title>NWsource</title>
    <snippet>Includes a city guide, traffic information, and classifieds.</snippet>
    <url>http://www.nwsource.com/</url>
  </document>
  <document>
    <title>WTO | Seattle Ministerial, 1999</title>
    <snippet>The WTO is the only international body dealing with the rules of trade between nations. At its heart are the WTO agreements, the legal ground-rules for international commerce and for trade policy. ... Third WTO Ministerial Conference was held in Seattle, Washington State, US between 30 November and 3 ... to the WTO General Council in preparation for the Seattle Ministerial Conference ...</snippet>
    <url>http://www.wto.org/english/thewto_e/minist_e/min99_e/min99_e.htm</url>
  </document>
  <document>
    <title>Puget Sound Traffic Conditions</title>
    <snippet>From the Washington State Department of Transportation.</snippet>
    <url>http://www.wsdot.wa.gov/PugetSoundTraffic</url>
  </document>
  <document>
    <title>Internet Seattle Guide - All the facts, All the links, All the time!</title>
    <snippet>This city guide for Seattle, Washington lists Web sites that give information about the city and its neighborhoods or that are directories of its institutions and organizations. ... Look here for all the facts about the city of Seattle, Washington, and its region ... frequently encountered in my work for. Seattle Public Library, from archives to zoos, and from ...</snippet>
    <url>http://www.halcyon.com/tmend/seattle.htm</url>
  </document>
  <document>
    <title>Beautiful Seattle</title>
    <snippet>News/sports, traffic/transportation, and area attractions.</snippet>
    <url>http://www.beautifulseattle.com/</url>
  </document>
  <document>
    <title>Information Seattle, The Emerald City | [ seattle.net ] |&amp;nbsp; A Guide to Seattle</title>
    <snippet>www.seattle.net. Welcome to Seattle! Get all your questions answered here. Don't see what you're looking for? Let us know! How to get to Seattle</snippet>
    <url>http://www.seattle.net/information/visit.html</url>
  </document>
  <document>
    <title>American Institute of Architects</title>
    <snippet>AIA Seattle, entry point to the Seattle chapter of the American Institute of Architects ... This site offers resources for AIA Seattle Members, and for anyone ... design and building professions in the greater Seattle. Puget Sound region ...</snippet>
    <url>http://www.aiaseattle.org/</url>
  </document>
  <document>
    <title>IPMS Seattle Web Page</title>
    <snippet>2007 Spring Show!! Be sure to note Saturday, April 21th, 2007. This is the date for the big IPMS-SEATTLE. Spring Show!! Search the Site! Enter the words to search for: Exact Match Only ... Welcome to the Web Page of the Seattle chapter of the International Plastic Modelers Society (IPMS). We are a ...</snippet>
    <url>http://www.ipms-seattle.org/</url>
  </document>
  <document>
    <title>Seattle city guide, Washington, USA.</title>
    <snippet>Seattle city guide, Washington State, USA. ... Puget Sound, Washington. Seattle. You are here: Go Northwest HOME/... Washington/... Puget Sound/... Seattle ... Seattle is surrounded by water and mountains, and the city's attraction ...</snippet>
    <url>http://www.gonorthwest.com/Washington/seattle/Seattle.htm</url>
  </document>
  <document>
    <title>Seattle, Washington (98101) Conditions &amp; Forecast : Weather Underground</title>
    <snippet>... Save money with Timeshare rentals. Seattle Condos and Vacations ... 11:35 PM PDT. Seattle. 57 °F / 14 °C ...</snippet>
    <url>http://www.wunderground.com/cgi-bin/findweather/getForecast?query=Seattle</url>
  </document>
  <document>
    <title>Seattle Seahawks NFL Football Front Page</title>
    <snippet>... Seattle Seahawks NFL Football Seahawks.NET is the top fan site covering the NFL Seattle Seahawks. You must enable client-side ...</snippet>
    <url>http://seahawks.scout.com/</url>
  </document>
  <document>
    <title>RefreshSeattle.org</title>
    <snippet>... Refresh: Seattle. BE FRESH WITH US ... committed to enlivening the culture of Internet professionals here in Seattle. Does your heart race when you talk about ...</snippet>
    <url>http://www.refreshseattle.org/</url>
  </document>
  <document>
    <title>Puget Sound Business Journal (Seattle): Local Business News</title>
    <snippet>Seattle News, BizJournals is your best source for up to date local Seattle business news and resources. ... Seattle News - Seattle Newspaper - Puget Sound Business Journal ... Louis San Antonio San Francisco San Jose Seattle South Florida Tampa Bay Washington Wichita ...</snippet>
    <url>http://www.bizjournals.com/seattle</url>
  </document>
  <document>
    <title>Seattle Weather Forecasts on Yahoo! Weather</title>
    <snippet>... Weather &amp;gt; North America &amp;gt; United States &amp;gt; Washington &amp;gt; Seattle. Your weather and ... Seattle Weather. at: 12:53 pm PDT ...</snippet>
    <url>http://weather.yahoo.com/forecast/Seattle_WA_US_f.html</url>
  </document>
  <document>
    <title>#Seattle-Chat</title>
    <snippet>Undernet channel for people from all over western Washington.</snippet>
    <url>http://www.seattle-chat.com/</url>
  </document>
  <document>
    <title>Seattle Center</title>
    <snippet>74-acre site with such attractions as the Space Needle, KeyArena, Memorial Stadium, Seattle Opera House, Pacific Science Center, and more. Home to the 1962 World's Fair.</snippet>
    <url>http://www.seattlecenter.com/</url>
  </document>
  <document>
    <title>seattlepi.com: Seahawks</title>
    <snippet>Local coverage and analysis of the Seahawks from the Seattle Post-Intelligencer.</snippet>
    <url>http://seattlepi.nwsource.com/football</url>
  </document>
  <document>
    <title>NWS radar image from Seattle/Tacoma, WA</title>
    <snippet>Latest weather radar images from the National Weather Service ... National Weather Service Enhanced Radar Image. Seattle/Tacoma, WA Radar ... One Hour Precipitation. NWS Seattle/Tacoma, WA. Radar Precip Est From 06:07 PM PDT Thu Jul 06 2006 ...</snippet>
    <url>http://radar.weather.gov/radar.php?rid=atx&amp;product=N0R&amp;overlay=11101111&amp;loop=no</url>
  </document>
  <document>
    <title>ESPN.com - Seattle Seahawks</title>
    <snippet>Includes Seattle Seahawks team news, scores, player stats, and roster.</snippet>
    <url>http://sports.espn.go.com/nfl/clubhouse?team=sea</url>
  </document>
  <document>
    <title>seattle-tacoma writing/editing jobs classifieds and want ads - craigslist</title>
    <snippet>craigslist writing/editing jobs classifieds and want ads for seattle-tacoma</snippet>
    <url>http://seattle.craigslist.org/wri</url>
  </document>
  <document>
    <title>HistoryLink Essay: Grand jury indicts Seattle Liberation Front (SLF) leaders on April 16, 1970, for conspiracy to ... </title>
    <snippet>HistoryLink is a historical database and Website devoted to chronicling the history of Seattle and Washington State history. ... planning a February 17, 1970 demonstration in Seattle. Charges are filed against ...</snippet>
    <url>http://www.historylink.org/essays/output.cfm?file_id=2130</url>
  </document>
  <document>
    <title>Seattle Public Library</title>
    <snippet>July 8, 2006 Keyword Search: BROWSE LIBRARY LOCATOR ... Point Branch South Park Branch Southwest Branch University Branch Wallingford Branch West Seattle Branch Mobile Services ... Then vote for the 2006 - 2007 Seattle Poet Populist online ...</snippet>
    <url>http://www.spl.lib.wa.us/</url>
  </document>
  <document>
    <title>Seattle travel guide - Wikitravel</title>
    <snippet>Seattle, Washington, is the largest city in the Pacific Northwest. Nicknames have included: the Queen City, Jet City, and, more recently, the Emerald City.</snippet>
    <url>http://wikitravel.org/en/Seattle</url>
  </document>
  <document>
    <title>Federal Home Loan Bank of Seattle</title>
    <snippet>A member of the FHLB banking system ... June 22, 2006 - Seattle Bank Changes Call Report Submission Process ... May 18, 2006 - Seattle Bank's Written Response to the Federal Housing Finance Board on its Proposed Rule: Excess ...</snippet>
    <url>http://www.fhlbsea.com/</url>
  </document>
  <document>
    <title>Bill Speidel's Underground Tour</title>
    <snippet>Walking tour of Seattle's subterranean level of historic Pioneer Square.</snippet>
    <url>http://www.undergroundtour.com/</url>
  </document>
  <document>
    <title>King County</title>
    <snippet>Official site.</snippet>
    <url>http://www.metrokc.gov/</url>
  </document>
  <document>
    <title>Seattle Attractions Discounts</title>
    <snippet>Find information and coupons for guided historic tours of the Pacific Northwest and Seattle zoos and aquariums, museums, sports tours, cruises, ferries, trains, planes, restaurants and more. ... Whether you are planning a Washington State vacation, Seattle day trip or you're a local ready to enjoy a few hours as a Seattle tourist, this city guide will help ...</snippet>
    <url>http://www.seattleattractions.com/</url>
  </document>
  <document>
    <title>Seattle Weather Forecasts on Yahoo! Weather</title>
    <snippet>... Weather &amp;gt; North America &amp;gt; United States &amp;gt; Washington &amp;gt; Seattle. Your weather and ... Seattle Weather. at: 8:53 am PDT ...</snippet>
    <url>http://weather.yahoo.com/forecast/USWA0395_f.html</url>
  </document>
  <document>
    <title>Seattle Storm</title>
    <snippet>Official site.</snippet>
    <url>http://www.wnba.com/storm</url>
  </document>
  <document>
    <title>Welcome to the Greater Seattle AIS Website</title>
    <snippet>AIS provides live telephone support 24 hours a day. Volunteers make this service available. For information on volunteer opportunties, contact the AIS office or email volunteer@Seattle-Al-Anon.org. ... is created and maintained by the Greater Seattle Al-Anon Information Service ...</snippet>
    <url>http://www.seattle-al-anon.org/</url>
  </document>
  <document>
    <title>Seattle - Locations - About GGU - Golden Gate University</title>
    <snippet>Golden Gate University Seattle. Joshua Green Building. Suite 404. 1425 Fourth Avenue. Seattle, WA 98101. Map. Golden Gate University. GGU has been serving the Seattle area since 1974. ... click here, or for all courses in Seattle click here. In Seattle, students have the flexibility to complete their degree ...</snippet>
    <url>http://www.ggu.edu/about/Locations/Seattle</url>
  </document>
  <document>
    <title>Seattle Cossacks Stunt Drill Team</title>
    <snippet>Performance Schedule: Your browser does not support inline frames or is currently configured not to display inline frames. Seattle Cossacks Active Member List. 2005-2006. Team Captain - Andy Nicholson. Team Lieutenant - Sam Chedester Jr. ... Wherever the Seattle Cossacks ride, people watch and wonder in fascination, waiting for the next man to ...</snippet>
    <url>http://www.seattlecossacks.com/</url>
  </document>
  <document>
    <title>Seattle Chamber of Commerce</title>
    <snippet>Seattle Chamber of Commerce Leading Investors Find out more about our Business Services: Technology Partners Providing technical solutions to the Chamber and its members: Copyright ) 1996-2005 Greater Seattle Chamber of Commerce</snippet>
    <url>http://www.seattlechamber.com/</url>
  </document>
  <document>
    <title>Seattle Real Estate Agents, Seattle Homes For Sale, REALTORS and Seattle</title>
    <snippet>Seattle Real Estate - Find Seattle Homes For Sale, REALTORS, home values and see real estate information for Seattle, Washington home buyers and sellers. ... Find Seattle homes for sale, Seattle real estate agents, and Seattle home values ...</snippet>
    <url>http://www.homegain.com/local_real_estate/WA/seattle.html</url>
  </document>
  <document>
    <title>The Seattle Times: Pacific Northwest Magazine : Our Social Disease</title>
    <snippet>seattletimes.com: Northwest news and information from the Seattle Times. Daily local news, sports, arts and entertainment, and classified ads. ... Beyond the smiles, the Seattle Freeze is on. SOON AFTER SETTLING in Seattle, nearly everyone acquires a version of the people-here-are-sooo-nice story ...</snippet>
    <url>http://seattletimes.nwsource.com/pacificnw/2005/0213/cover.html</url>
  </document>
  <document>
    <title>Seattle SuperSonics | NBA Basketball at CBS SportsLine.com</title>
    <snippet>Complete Seattle SuperSonics NBA Basketball Coverage at CBS SportsLine.com. ... The Seattle Post-Intelligencer says there is no truth to rumor that Seattle and Phoenix are discussing a Shawn ...</snippet>
    <url>http://cbs.sportsline.com/nba/teams/page/SEA</url>
  </document>
  <document>
    <title>Seattle Marathon</title>
    <snippet>Held annually.</snippet>
    <url>http://www.seattlemarathon.org/</url>
  </document>
  <document>
    <title>Seattle hotels and cheap hotels, discount lodgings and accommodation</title>
    <snippet>Seattle hotels - cheap hotel lodgings and reservations by all-hotels(tm) - Seattle discount hotels and accommodation - Instant online hotel reservations ... Seattle Hotels. 100,000 luxury, chain &amp;amp; discount hotels worldwide ... Seattle: is the biggest city in the pacific northwest of the United States ...</snippet>
    <url>http://www.all-hotels.com/seattle-hotels.htm</url>
  </document>
  <document>
    <title>Seattle Apartments - Rent an apartment in Seattle Washington at RENTNET.</title>
    <snippet>Find apartments for rent in Seattle, WA - pet-friendly apartments, see floorplans, prices, photos and virtual tours - toll-free phone number - Search for the perfect Seattle apt rental at RENTNET. ... University District. Northgate-North Seattle. Green Lake-Fremont-Wallingford ... Central District-Madrona-Leschi. West Seattle-Southwest Seattle. Seattle, Tacoma. Bremerton, Vashon ...</snippet>
    <url>http://www.rentnet.com/apartments/fyp/search/msa.jhtml?city=seattle&amp;state=wa</url>
  </document>
  <document>
    <title>See Seattle Walking Tours &amp; Events</title>
    <snippet>Offers history and art walks, scavenger hunts, scrambles, and road rallies.</snippet>
    <url>http://www.see-seattle.com/</url>
  </document>
  <document>
    <title>Seattle Washington Apartments For Rent | Seattle Apartment Rentals | Apartments.com</title>
    <snippet>Find an Apartment in Seattle on Apartments.com, your Seattle apartment guide! ... to start your search for an apartment in Seattle. Plug in to our Seattle apartments power search and ...</snippet>
    <url>http://seattle.apartments.com/</url>
  </document>
  <document>
    <title>University of Washington</title>
    <snippet>Official site of the public research university, with campuses in Seattle, Tacoma, and Bothell, Washington.</snippet>
    <url>http://www.washington.edu/</url>
  </document>
  <document>
    <title>Seattle Apartments</title>
    <snippet>Free search for Seattle apartment rentals and Seattle houses for rent. Report your lease to us and get $100! ... metropolitan areas in the United States, the Greater Seattle region is home to 3.6 million people (and counting ... culture and apartments for rent, Seattle should be high on your list ...</snippet>
    <url>http://www.rent.com/rentals/washington/seattle-tacoma-and-vicinity/seattle/</url>
  </document>
  <document>
    <title>#Seattle-Chat</title>
    <snippet>Undernet channel for people from all over western Washington.</snippet>
    <url>http://www.seattle-chat.com/</url>
  </document>
  <document>
    <title>W Hotels Seattle: W Seattle - Hotel Rooms at whotels.com</title>
    <snippet>... a beacon in the thriving heart of Seattle, W Seattle is a premier destination for the savvy ... of Seattle's classic towers, W Seattle combines elements of the city's architectural ...</snippet>
    <url>http://www.starwoodhotels.com/whotels/search/hotel_detail.html?propertyID=1154</url>
  </document>
  <document>
    <title>King County Metro Transit</title>
    <snippet>Providing bus service throughout King County. Also features information about carpools, bikes, ferries, and more.</snippet>
    <url>http://transit.metrokc.gov/</url>
  </document>
  <document>
    <title>SONICS: SCHEDULE</title>
    <snippet>... NO/Oklahoma City New York Orlando Philadelphia Phoenix Portland Sacramento San Antonio Seattle Toronto Utah Washington ...</snippet>
    <url>http://www.nba.com/sonics/schedule</url>
  </document>
  <document>
    <title>Sound Transit</title>
    <snippet>Central Puget Sound regional transit authority developing bus, train, and light rail systems.</snippet>
    <url>http://www.soundtransit.org/</url>
  </document>
  <document>
    <title>Seattle Mariners - CBS SportsLine.com</title>
    <snippet>News, schedule, rosters, and more.</snippet>
    <url>http://www.sportsline.com/mlb/teams/page/SEA</url>
  </document>
  <document>
    <title>All Seattle</title>
    <snippet>Web directory and city guide.</snippet>
    <url>http://www.allseattle.net/</url>
  </document>
  <document>
    <title>Experience Washington</title>
    <snippet>Official site of the state's tourist agency providing historical, cultural, transportation, and lodging information.</snippet>
    <url>http://www.experiencewashington.com/</url>
  </document>
  <document>
    <title>Seattle News</title>
    <snippet>... Local news for Seattle, WA continually updated from thousands of sources on the web ... Mayor Greg Nickels honored Seattle police officer Steve Leonard on Wednesday for his quick ...</snippet>
    <url>http://www.topix.net/seattle</url>
  </document>
  <document>
    <title>KOMO ABC 4 SEATTLE : WEATHER</title>
    <snippet>FEATURES. This is a live view from a camera on our broadcast tower atop Queen Anne Hill, at the north end of downtown Seattle. The timestamp on the image uses Pacific Time.</snippet>
    <url>http://www.komotv.com/weather/index11.html</url>
  </document>
  <document>
    <title>Seattle - Restaurants, Events, Entertainment, Concerts, Tickets, Movies, Hotels &amp; Weather - AOL CityGuide</title>
    <snippet>Complete guide to Seattle including weather, restaurants, hotels, events, performances, maps, tickets, entertainment, real estate, autos, apartments, shopping and more. ... Local Lists: Best of Seattle. I Live at That Burger/Pizza/Beer Joint ... Wacky Events This Month. Classic Seattle. City Attractions. Annual Festivals and Events ...</snippet>
    <url>http://cityguide.aol.com/seattle/</url>
  </document>
  <document>
    <title>Seattle Hotels - Hilton Seattle</title>
    <snippet>Seattle Hotels: Hilton Seattle in Seattle WA, Seattle's one of the kind hotel.</snippet>
    <url>http://www.seattlehilton.com/</url>
  </document>
  <document>
    <title>Seattle Hotels, WA Hotel Discounts , Washington Hotels</title>
    <snippet>Where2lodge.com Seattle, WA Discount Hotels, Washington</snippet>
    <url>http://seattle-hotels.where2lodge.com/</url>
  </document>
  <document>
    <title>Seattle.rb: Seattle Ruby Brigade</title>
    <snippet>Ruby facts, opinions, source code, links, and stuff.</snippet>
    <url>http://www.zenspider.com/Languages/Ruby/Seattle/</url>
  </document>
  <document>
    <title>Freedom Day Committee</title>
    <snippet>Dedicated to organizing and promoting the annual pride parade, march, and freedom rally.</snippet>
    <url>http://www.seattlepride.org/</url>
  </document>
  <document>
    <title>Map of 1201 1st Ave S Seattle, WA by MapQuest</title>
    <snippet>Map search for 1201 1st Ave S Seattle, WA provided by MapQuest. The consumer's choice for online maps and directions.</snippet>
    <url>http://www.mapquest.com/maps/map.adp?country=US&amp;address=1201+1st+Avenue+S&amp;city=Seattle&amp;state=WA&amp;zipcode=98134&amp;homesubmit.x=32&amp;homesubmit.y=14</url>
  </document>
  <document>
    <title>Seattle Seahawks - USA Today</title>
    <snippet>Seattle Seahawks... OR Raleigh-Durham Salt Lake City San Antonio Seattle St. Louis Syracuse Tampa Bay Toronto Washington ... sheet packed with a poison pill that essentially prevented Seattle from matching ...</snippet>
    <url>http://www.usatoday.com/sports/football/nfl/seahawks/home.htm</url>
  </document>
  <document>
    <title>Seattle, Washington (Cities)</title>
    <snippet>... Seattle is Washington's largest city and the seat of King County ... expeditions sighted the Washington area before the close of the 1800s, Seattle was settled comparatively late ...</snippet>
    <url>http://www.ohwy.com/wa/s/seattle.htm</url>
  </document>
  <document>
    <title>CATHOLIC ENCYCLOPEDIA: Seattle</title>
    <snippet>Visit New Advent for the Summa Theologica, Church Fathers, Catholic Encyclopedia and more. ... The Diocese of Seattle (Seattlensis) comprises the entire State of Washington, U.S.A ... September, 1907, to that of the Diocese of Seattle, with the new cathedral and residence of the ...</snippet>
    <url>http://www.newadvent.org/cathen/13665a.htm</url>
  </document>
  <document>
    <title>Seattle Weekender Guide</title>
    <snippet>Search: from Away.com. Related Guides. Popular Cities in Washington. CLOSE TO HOME. GORP City Weekender. Trail Team Member. Day Trips/Overnighters. Long Weekends. Community Spotlight. Seattle Outdoors ... Seattle Outdoors. Share inspiration, ask advice, find a partner for your next adventure — get the 411 on the outdoors in and around Seattle ...</snippet>
    <url>http://gorp.away.com/gorp/location/cities/seattle.htm</url>
  </document>
  <document>
    <title>Tie-Seattle Homepage</title>
    <snippet>... TiE-Seattle is a WA based not-for-profit organization with a mission to foster and support entrepreneurship. TiE-Seattle shares the values and philosophy of ...</snippet>
    <url>http://www.tie-seattle.org/</url>
  </document>
  <document>
    <title>Seattle Center Monorail</title>
    <snippet>Commercial monorail system with service bewteen downtown and the Seattle Center.</snippet>
    <url>http://www.seattlemonorail.com/</url>
  </document>
  <document>
    <title>Seattle School District 1 schools</title>
    <snippet>Enter school, city, district, or keyword. Search within</snippet>
    <url>http://www.greatschools.net/schools.page?district=229&amp;state=WA</url>
  </document>
  <document>
    <title>Seattle real estate - Search Seattle area real estate listings on Brio Realty</title>
    <snippet>... Seattle real estate and homes for sale ... rate real estate mortgage loans in Seattle, King County, Washington. Seattle Real Estate, King County, WA New ...</snippet>
    <url>http://washington.briorealty.com/nwmls-mls/indexloc/WA/King/Seattle</url>
  </document>
  <document>
    <title>Seattle Art Museum</title>
    <snippet>Includes information on the Seattle Art Museum, Seattle Asian Art Museum, and the Olympic Scuplture Park.</snippet>
    <url>http://www.seattleartmuseum.org/</url>
  </document>
  <document>
    <title>REI</title>
    <snippet>Outdoor gear, sporting goods, and camping equipment from REI. Find guaranteed products for backpacking, hiking, climbing, cycling, skiing, or snowboarding.</snippet>
    <url>http://www.rei.com/</url>
  </document>
  <document>
    <title>Seattle Travel Guide - Hotels, Restaurants, Sightseeing in Seattle - The New York Times Travel Section</title>
    <snippet>A travel guide for Seattle from The Times and Fodor's. Find events, restaurants, museums, hotels, entertainment, shopping and more. ... Going to Seattle. On the Elliott Bay Water Taxi, from West Seattle to the city ...</snippet>
    <url>http://travel2.nytimes.com/top/features/travel/destinations/unitedstates/washington/seattle/?inline=nyt-geo</url>
  </document>
  <document>
    <title>SketchFest Seattle - North America's Original Sketch Comedy Festival - Seattle Sketch Comedy</title>
    <snippet>Seattle SketchFest brings together the best international sketch comedy groups for a two week festival showcasing this unique artform. ... &amp;gt;&amp;gt; 05/30/2006 &amp;gt;&amp;gt; SKETCHFEST SEATTLE 2006 APPLICATION DEADLINE EXTENSION ... with the nation's finest and funniest sketch troupes at SketchFest Seattle 2006. Thanks for applying ...</snippet>
    <url>http://www.sketchfest.org/</url>
  </document>
  <document>
    <title>See Seattle Walking Tours</title>
    <snippet>Walk rating: EASY WALK to MODERATE WALK. FUN! from. Bill Boeing. to. Bill Gates. WOW! This tour is memorable and fun! You won't soon forget the magic, mystery and romance that inspired Sleepless in Seattle.</snippet>
    <url>http://www.see-seattle.com/seeseattle.htm</url>
  </document>
  <document>
    <title>Ferrycam - live web cam views of Washington State ferries, plus fares, routes, schedules and info.</title>
    <snippet>... This holding area is mostly for cars waiting to get on the Seattle to Bremerton ferry ... are usually part of the holding area for the Seattle to Bainbridge Island run ...</snippet>
    <url>http://www.ferrycam.com/ccseabrem.htm</url>
  </document>
  <document>
    <title>Read all about it -- oh, you already have: Seattle is most literate city</title>
    <snippet>OUR AFFILIATES. Wednesday, November 30, 2005. Read all about it -- oh, you already have: Seattle is most literate city. Frasier would be so proud. ... has the best single bars (Seattle was named the best city ... All areas Seattle (Central) Seattle (Southeast) Seattle (Southwest) Seattle (Northwest) Seattle (Northeast) North ...</snippet>
    <url>http://seattlepi.nwsource.com/books/250264_litseattle30.html?source=mypi</url>
  </document>
  <document>
    <title>Seattle Intergroup of AA</title>
    <snippet>Revealing, touching, sometimes startlingly frank stories of recovery from Seattle Intergroup's newsletter, "the High &amp;amp; Dry" ... The Seattle Intergroup serves the Greater Seattle area's AA members and groups by ...</snippet>
    <url>http://www.seattleaa.org/</url>
  </document>
  <document>
    <title>Long Yang Club</title>
    <snippet>Support group for gay Asians.</snippet>
    <url>http://www.longyangclub.org/seattle</url>
  </document>
  <document>
    <title>Internet Seattle Guide - All the facts, All the links, All the time!</title>
    <snippet>This city guide for Seattle, Washington lists Web sites that give information about the city and its neighborhoods or that are directories of its institutions and organizations. ... Look here for all the facts about the city of Seattle, Washington, and its region ... frequently encountered in my work for. Seattle Public Library, from archives to zoos, and from ...</snippet>
    <url>http://www.halcyon.com/tmend/seattle.htm</url>
  </document>
  <document>
    <title>Seattle Sightseeing and Tourist Information</title>
    <snippet>Tourist information for sightseeing in Seattle: Downtown Seattle sightseeing suggestions and general area tourism information for travel planning. ... Enjoy Seattle! Seattle sightseeing &amp;amp; tourist information. Seattle, the Emerald city, sits on the shores of Puget Sound surrounded ...</snippet>
    <url>http://www.enjoyseattle.com/</url>
  </document>
  <document>
    <title>Seattle PFLAG Chapter</title>
    <snippet>Seattle Chapter of Parents, Families and Friends of Lesbians, Gays, Bisexuals and Transgenders. PFLAG's Mission. One day, society will accept. all its members as equals, regardless of their sexual orientation</snippet>
    <url>http://www.seattle-pflag.org/</url>
  </document>
  <document>
    <title>The Seattle Public Library: Seattle Reads</title>
    <snippet>... Center for the Book at The Seattle Public Library hosts a major author for ... is invited to participate in "Seattle Reads" (formerly known as "If All of Seattle Read the ...</snippet>
    <url>http://www.spl.org/?pageID=about_leaders_washingtoncenter_seattlereads</url>
  </document>
  <document>
    <title>Seattle Sounders</title>
    <snippet>Official site for the team featuring latest news, scores, and player information.</snippet>
    <url>http://www.seattlesounders.net/</url>
  </document>
  <document>
    <title>Speakeasy - Speed Test</title>
    <snippet>Test the speed of your internet connection with Speakeasy's speed test.</snippet>
    <url>http://sea.speakeasy.net/</url>
  </document>
  <document>
    <title>Seattle Waldorf School: Parent-Tot, Preschool, Elementary, Middle School</title>
    <snippet>Seattle, Washington, USA: Parent-Tot, Preschool, Kindergarten, Elementary, Middle School. Independent, private, developmentally based education embracing the whole child. ... secluded and wooded neighborhood in Northeast Seattle, the Seattle Waldorf School offers its students an ... The Seattle Waldorf School is a member of the Association of Waldorf ...</snippet>
    <url>http://www.seattlewaldorf.org/</url>
  </document>
  <document>
    <title>Women in Film/Seattle</title>
    <snippet>Nonprofit organization composed of professional women committed to working with integrity in the art and business of film.</snippet>
    <url>http://www.womeninfilm-seattle.org/</url>
  </document>
  <document>
    <title>Seattle Bubble</title>
    <snippet>... News and discussion about the real estate / housing bubble, specifically as it pertains to the Seattle area ... claim we've reached that point yet in Seattle. The market is clearly not ...</snippet>
    <url>http://seattlebubble.blogspot.com/</url>
  </document>
  <document>
    <title>Slow Food Seattle</title>
    <snippet>... Slow Food Seattle. Celebrating Taste, Tradition, Artisanship and Sustainability ... We are the local Seattle convivium of Slow Food USA, a national non-profit educational organization ...</snippet>
    <url>http://www.slowfoodseattle.org/</url>
  </document>
  <document>
    <title>McNeel North America - Contact</title>
    <snippet>... How to find us. Our Seattle office is on the north side of Lake Union just off Stone ... support offices and affiliates in Seattle, Miami, Buenos Aires, Barcelona, Rome, Tokyo ...</snippet>
    <url>http://www.en.na.mcneel.com/contact.htm</url>
  </document>
  <document>
    <title>Seattle, Washington - Free Encyclopedia</title>
    <snippet>... Seattle is the largest city in the state of Washington, and in the northwestern United States ... Point, and the first plats for the Town of Seattle were filed in 1853 ...</snippet>
    <url>http://www.wacklepedia.com/s/se/seattle__washington.html</url>
  </document>
  <document>
    <title>Seattle City Charter</title>
    <snippet>... Charter of the City of Seattle. Text as last amended by the voters ... now existing and known as The City of Seattle, shall remain and continue a body politic and ...</snippet>
    <url>http://clerk.ci.seattle.wa.us/~public/charter.htm</url>
  </document>
  <document>
    <title>Seattle Web Cams</title>
    <snippet>Mosaic of changing perspectives.</snippet>
    <url>http://www.splink.com/seattle</url>
  </document>
  <document>
    <title>Seattle Web Cams</title>
    <snippet>Mosaic of changing perspectives.</snippet>
    <url>http://www.splink.com/seattle</url>
  </document>
  <document>
    <title>Seattle</title>
    <snippet>Seattle, Washington. reviewed by Elaine Sosa. $ A steal deal. $$ Your tummy and your wallet will smile. $$$ Yikes! But if it's on my list, it's worth it. All area codes are (206) ... you're going to make it to Pike Place Market while in Seattle (and you should), it makes sense to start your tour at the ...</snippet>
    <url>http://www.sallys-place.com/food/dining_directory/north_america/seattle.htm</url>
  </document>
  <document>
    <title>IABC Seattle Welcomes You</title>
    <snippet>WHAT'S NEWS. IABC/Seattle; International Association of Business Communicators, Seattle chapter. Please feel free to contact us.</snippet>
    <url>http://seattle.iabc.com/</url>
  </document>
  <document>
    <title>Seattle</title>
    <snippet>... Official Web Site. Tom Keogh's Seattle Times review ... Official Web Site. Moira Macdonald's Seattle Times review ...</snippet>
    <url>http://www.landmarktheatres.com/Market/Seattle/SeattleInfo.htm</url>
  </document>
  <document>
    <title>Seattle Sounders</title>
    <snippet>Official site for the team featuring latest news, scores, and player information.</snippet>
    <url>http://www.seattlesounders.net/</url>
  </document>
  <document>
    <title>Seattle Cruises - Schedules of all Cruises from Seattle WA . Find Hotels Near the Seattle Cruise Port.</title>
    <snippet>Check Rates 24 Hours A Day - Preview All Seattle Cruises and Hotels near Seattle Cruise Port. Specials: Alaska Cruise, Hawaii Cruise, Repositioning Panama Canal Cruise. ... Cruises, one port city comes to mind, SEATTLE!!! Seattle offers more cruises to the Pacific Northwest ... 18 day Hawaiin cruise from Seattle, Astoria, Hilo, Kailua-Kona, Honolulu, Kauai ...</snippet>
    <url>http://www.cruisesfrom.com/seattle</url>
  </document>
  <document>
    <title>Events &amp; Adventures</title>
    <snippet>Singles club planning activities including camping, hiking, rafting, parties, dances, and dinners.</snippet>
    <url>http://www.eventsandadventures.com/</url>
  </document>
  <document>
    <title>del.icio.us/tag/seattle</title>
    <snippet>All items tagged seattle view popular. related tags. Zoka Coffee Roaster and Tea Company is a Seattle artisan coffee roaster. Visit Zokacoffee.com to buy our coffees and learn more about our coffee roasting and selection process. ... We have two coffeehouses in Seattle and ship our fresh roasted coffee ...</snippet>
    <url>http://del.icio.us/tag/seattle</url>
  </document>
  <document>
    <title>Hostelling International Seattle</title>
    <snippet>Includes information on group rates and links to other hostels.</snippet>
    <url>http://www.hiseattle.org/</url>
  </document>
  <document>
    <title>Skål International Seattle - Home</title>
    <snippet>Skål International. Seattle. Club No. 119. Founded. March 2, 1954. Updated: 5/12/06. About Skål International. Founded in 1932 in Paris by travel managers ... View Bill Gates' hone and Seattle and Mercer Island Gold Coasts ...</snippet>
    <url>http://www.seattleskal.org/</url>
  </document>
  <document>
    <title>GoCityKids | Seattle</title>
    <snippet>... ValleyNorth of SeattleNortheast of SeattleNorthgate/Lake CityQueen Anne/Seattle CenterSan Juan IslandsSeaTacSeattle Citywide ServicesSouth SeattleSouth SoundUniversity District ...</snippet>
    <url>http://www.gocitykids.com/?area=182</url>
  </document>
  <document>
    <title>Seattle - MSN Encarta</title>
    <snippet>Web Search: Search Encarta. Feedback. Great books about your topic, Seattle, selected by Encarta editors. Click here. Related Items. Encarta Search. Search Encarta about Seattle. Spend less time searching and more time learning. Learn more ... Seattle, city in west central Washington State. The seat of King County, Seattle is the hub of the sprawling metropolitan region of Greater Seattle and is the largest ...</snippet>
    <url>http://encarta.msn.com/encyclopedia_761555710/Seattle.html</url>
  </document>
  <document>
    <title>The Seattle Times: Local news: Snow Storm Journal</title>
    <snippet>seattletimes.com: Northwest news and information from the Seattle Times. Daily local news, sports, arts and entertainment, and classified ads.</snippet>
    <url>http://blog.seattletimes.nwsource.com/snowstorm</url>
  </document>
  <document>
    <title>Seattle Cricket Club - Home Page</title>
    <snippet>... Seattle Cricket Club. the OLDEST and LARGEST cricket club in the US Pacific Northwest ... BCMCL schecule is out. Both Seattle I and Seattle II are playing Sat, April 29th. Seattle ...</snippet>
    <url>http://www.seattlecricket.com/</url>
  </document>
  <document>
    <title>KING5 Seattle News | Live Traffic</title>
    <snippet>Seattle, Washington. On Air. Services. Seattle Street Cams. Seattle Surface Streets. Map and cameras provided by the City of Seattle. This text is invisible on the page, but this text is affected by the invisible item's flow.</snippet>
    <url>http://www.king5.com/traffic/trafficcon.html?seattlestreets</url>
  </document>
  <document>
    <title>WTO Ministerial Conference, Seattle 1999 - Social and Economic Policy - Global Policy Forum</title>
    <snippet>The WTO Millennium Round's. Third Ministerial Conference. Seattle, USA. November 27 to December 3, 1999. External Links and Resources. Hector Mata/ Agence France Presse. WTO Watch Active Calendar of Activities in Seattle ... WTO Watch Active Calendar of Activities in Seattle. WTO Watch's web site informs on the WTO daily events in Seattle through an updated calendar of events ...</snippet>
    <url>http://www.globalpolicy.org/socecon/bwi-wto/idxstl99.htm</url>
  </document>
  <document>
    <title>LASIK Seattle - Surgeons Performing Laser Eye Surgery</title>
    <snippet>Find top LASIK surgeons in the Seattle area. Read about their education, experience and LASIK techniques; e-mail them your questions. ... LASIK Seattle — Laser Eye Surgery in Seattle, Washington ... Surgeons in Seattle and the greater Seattle area who perform LASIK may also perform laser eye procedures such as PRK ...</snippet>
    <url>http://www.allaboutvision.com/lasik-surgeons/seattle-wa.htm</url>
  </document>
  <document>
    <title>seattle.indymedia.org</title>
    <snippet>indymedia,imc ... seattle indymedia center. home about us donate search admin ... needed political analysis of what took place in Seattle on 24 September: http://seattle.indymedia.org/en/2005/09/248210 ...</snippet>
    <url>http://seattle.indymedia.org/en/2005/09/248166.shtml</url>
  </document>
  <document>
    <title>Men's Fitness</title>
    <snippet>FREE Membership includes: • Newsletters. • Special Offers. Email Address. Seattle, WA. The Fittest City. America's Fattest Cities 2005 ... a study by the CDC, 85 percent of Seattle residents said they'd gotten at least some exercise in ... Pedestrian-friendly Seattle also offers better-than average air quality, tons of ...</snippet>
    <url>http://www.mensfitness.com/rankings/298</url>
  </document>
  <document>
    <title>CPOA-Seattle Chapter</title>
    <snippet>... CPOA - Seattle Chapter. In respect for those who have gone before us and as a guide for those who follow ...</snippet>
    <url>http://www.cpoa-seattle.org/</url>
  </document>
  <document>
    <title>The Seattle Public Library: Seattle Reads</title>
    <snippet>... Center for the Book at The Seattle Public Library hosts a major author for ... is invited to participate in "Seattle Reads" (formerly known as "If All of Seattle Read the ...</snippet>
    <url>http://www.spl.org/?pageID=about_leaders_washingtoncenter_seattlereads</url>
  </document>
  <document>
    <title>Go Seattle Card</title>
    <snippet>Provides unlimited admission to over 30 Seattle tourist attractions and tours for one price and includes a color guidebook and savings on shopping and dining.</snippet>
    <url>http://www.goseattlecard.com/</url>
  </document>
  <document>
    <title>Seattle University Athletics - Official Athletic Site</title>
    <snippet>The Official Athletic Site for Seattle University, member of College Sports Online. The most comprehensive coverage of Seattle University Athletics on the internet. ... 6/30/06 ~ General Release Seattle University Names Bill Hogan Athletics Director Seattle, WA - Noting a 24-year career building ...</snippet>
    <url>http://seattleredhawks.cstv.com/</url>
  </document>
  <document>
    <title>Upcoming.org: Metros: Seattle</title>
    <snippet>Sign In. Username: Password: What is Upcoming.org? ... Search Events in Seattle. Subscribe Options (Close ... All Events in Seattle. Date. Event Name ...</snippet>
    <url>http://upcoming.org/metro/us/wa/seattle/</url>
  </document>
  <document>
    <title>Seattle Behind the Scenes</title>
    <snippet>Information about a number of behind-the-scenes tours that are available in Seattle, Washington. ... Sign Up Now for the Seattle / Tacoma, WA newsletter ... a native or a visitor, these tours will give you a fascinating look at the character of the Seattle metropolitan area ...</snippet>
    <url>http://seattle.about.com/od/attractions/a/behindSEA.htm?terms=university+marketing</url>
  </document>
  <document>
    <title>Seattle/ N30 1999: Reports &amp; Analysis</title>
    <snippet>N30 Seattle. Protest against the 3rd WTO Ministerial. Global Action Day. November 30 1999. Contents. Reports &amp;amp; Analysis from Seattle. (Mainstream-Articles are marked red in the date) Prevues - Pretaste. Seattle-Reports. Evaluation &amp;amp; Analysis ... While the events unfolding in Seattle are historic, let us not forget that this is a global movement ...</snippet>
    <url>http://www.nadir.org/nadir/initiativ/agp/free/seattle</url>
  </document>
  <document>
    <title>Pima Medical Institute Campus in Seattle Washington WA</title>
    <snippet>Pima Medical Institute will start you on your career as a dental assistant, veterinarian assistant, medical assistant or pharmacy technician. A PMI campus is located in Seattle, Washington WA. ... Why attend a Seattle school that has just introduced medical when you can choose a highly ... quick and affordable education. Our Seattle medical career college has been servicing ...</snippet>
    <url>http://www.pmi.edu/locations/seattle.asp</url>
  </document>
  <document>
    <title>Seattle City Pages on Yahoo! Local. Find Businesses, Services and Events near Seattle, WA</title>
    <snippet>Yahoo! Local - Find top rated Businesses, Services and Events near Seattle, WA with Photos, Maps, Driving Directions and more. ... Weather Outlook for Seattle. Tomorrow: Partly Cloudy ... see all categories. Seattle Map. View neighborhood map ...</snippet>
    <url>http://local.yahoo.com/?location_state=WA&amp;location_city=Seattle&amp;location_lat=47.606400&amp;location_lon=-122.330803</url>
  </document>
  <document>
    <title>Local Weather Forecast for Seattle, WA (98101) - weather.com</title>
    <snippet>Local Weather Forecast for Seattle, WA (98101). Todays weather plus a 36 hour forecast and doppler radar. ... Right Now for. Seattle, WA (98101) Save this Location ...</snippet>
    <url>http://www.weather.com/weather/local/98101</url>
  </document>
  <document>
    <title>Seattle - tribe.net</title>
    <snippet>find it on tribe. 44,415 interest groups. featured tribe. 3,564 Seattle listings. Seattle event. 13,567 members. 701 member reviews. local favorite. "Great Club..." featured in. Copyright © 2006 Tribe Networks, Inc. ... 3,564 Seattle listings. Seattle event. Friday, July 7th: A very special POLYPHONIC to benefit Daniel "Monk ...</snippet>
    <url>http://seattle.tribe.net/local</url>
  </document>
  <document>
    <title>Falun Gong In Washington</title>
    <snippet>Important Links. What is Falun Gong? ... Falun Gong At 2004 29th. Seattle Chinatown Summer Festival ... Lotus Flowers Bloom at. the Seattle Chinese New Year Celebration ...</snippet>
    <url>http://www.falungong-wa.org/</url>
  </document>
  <document>
    <title>National Weather Service - NWS Seattle</title>
    <snippet>Government Internet Service Home page. The starting point for official government weather forecasts, warnings, meteorological products for forecasting the weather, and information about meteorology. ... National Weather Service. Seattle Weather Forecast Office. 7600 Sandpoint Way NE. Seattle, Washington 98115-6349 ...</snippet>
    <url>http://www.wrh.noaa.gov/sew/</url>
  </document>
  <document>
    <title>Vedanta Society of Western Washington</title>
    <snippet>Features the main temple and bookshop and Tapovan Retreat in Arlington.</snippet>
    <url>http://www.vedanta-seattle.org/</url>
  </document>
  <document>
    <title>Pacific Science Center - Entertainment - Seattle, WA, 98109 - Citysearch</title>
    <snippet>Come to Citysearch to get information, directions, and reviews on Pacific Science Center and other yp listings in Seattle ... Select a Seattle Neighborhood Ballard Beacon Hill Bellevue/Mercer Island Belltown ... Park/Madrona Magnolia-Seattle North Seattle Pioneer Square Queen Anne Redmond Seattle-Tacoma Intl ...</snippet>
    <url>http://seattle.citysearch.com/profile/11360478</url>
  </document>
  <document>
    <title>Robert McNeel &amp; Associates - North America</title>
    <snippet>... with sales and support offices and affiliates in Seattle, Miami, Barcelona, Tokyo, Taipei, Seoul, Kuala Lumpur, and ...</snippet>
    <url>http://www.en.na.mcneel.com/</url>
  </document>
  <document>
    <title>Seattle Linkup Events</title>
    <snippet>Seattle Linkup is a unique social group whose fundamental basis is courtesy, consideration and accountability. After all, don't you prefer people you can truly count on? ... skills all in sub-area entire Seattle area Seattle Bellevue Renton Mercer Island Redmond Tacoma ...</snippet>
    <url>http://seattlelinkup.com/</url>
  </document>
  <document>
    <title>Seattle, Forbes.com The Best Cities For Singles</title>
    <snippet>Seattle ranked 10 among The Best Cities For Singles In 2005 ... Home &amp;gt; Lists &amp;gt; Best Cities For Singles &amp;gt; Seattle. &amp;lt; Previous. Next &amp;gt; Seattle. Rank 10 (2004 Rank: 18 ...</snippet>
    <url>http://www.forbes.com/lists/2005/3/2396.html</url>
  </document>
  <document>
    <title>Seattle Space Needle</title>
    <snippet>Includes information on the observation deck and restaurant located in the Seattle landmark.</snippet>
    <url>http://www.spaceneedle.com/</url>
  </document>
  <document>
    <title>Starbucks Coffee</title>
    <snippet>Official site of the Starbucks Corporation.</snippet>
    <url>http://www.starbucks.com/</url>
  </document>
  <document>
    <title>SEATTLE Wedding Planning Resources</title>
    <snippet>... makers to photographers and reception sites, find everything you need here to plan a Seattle or Tacoma wedding ... Q&amp;A: Seattle: A Bagpiper for Our Ceremony? Q&amp;A: Seattle: Can We Dress ...</snippet>
    <url>http://www.theknot.com/kl_SEATTLE.shtml</url>
  </document>
  <document>
    <title>Residence Inn Seattle Downtown/Lake Union: Suites and amenities for corporate travel</title>
    <snippet>Residence Inn Seattle Downtown/Lake Union: Spacious suites with comfort that feels like home in Seattle. ... Free Residence Inn by Marriott in Seattle! The Residence Inn by Marriott Seattle Downtown Lake Union is located ...</snippet>
    <url>http://marriott.com/property/propertypage/SEALU</url>
  </document>
  <document>
    <title>KING 5</title>
    <snippet>NBC affiliate.</snippet>
    <url>http://www.king5.com/</url>
  </document>
  <document>
    <title>Seattle Indian Restaurants, Grocery &amp; Travel Agents - Indian Restaurants in Seattle</title>
    <snippet>... Seattle Indian Community Guide ... India Imports 124 1/2 Broadway Ave East, Seattle, WA 98102 Ph 206-709-7577 ...</snippet>
    <url>http://www.seattleindia.us/</url>
  </document>
  <document>
    <title>Seattle</title>
    <snippet>... Seattle, also known as Sealth, was very young when George Vancouver came to Puget Sound to map the ... he was a young man Seattle inherited his father's position as chief ...</snippet>
    <url>http://www.powersource.com/gallery/people/seattle.html</url>
  </document>
  <document>
    <title>Seattle Outdoor Cinema | Home</title>
    <snippet>The Seattle Outdoor Cinema is a summer long outdoor movie event that takes place in Seattle, Colorado. ... Good Old Fashioned Summer Fun in Fremont. 2006 Seattle Summer Schedule ... Copyright (c) 1997, 2006 Seattle Outdoor Cinema - All Rights Reserved ...</snippet>
    <url>http://www.fremontoutdoormovies.com/</url>
  </document>
  <document>
    <title>Seattle Gas Prices</title>
    <snippet>Updated list of high and low gasoline prices throughout the city.</snippet>
    <url>http://www.seattlegasprices.com/</url>
  </document>
  <document>
    <title>NARA - Pacific Alaska Region, Seattle - Main Page</title>
    <snippet>The National Archives Regional Archives facility in Seattle, Washington. ... Regional Archives in Seattle. Address, Hours, Directions ...</snippet>
    <url>http://www.archives.gov/facilities/wa/seattle.html</url>
  </document>
  <document>
    <title>KIROTV.com - WeatherCam</title>
    <snippet>... Sponsored Links. Currently. Seattle, Washington. Currently: 63°F Clear. Seattle, Washington. Currently: 17°C Clear ...</snippet>
    <url>http://www.kirotv.com/wxcam/1867908/detail.html</url>
  </document>
  <document>
    <title>Intermedia.NET - Welcome to your new virtual server!</title>
    <snippet>Intermedia.NET offers excellence in Web Hosting and Exchange Hosting</snippet>
    <url>http://www.seattle.org/</url>
  </document>
  <document>
    <title>MSNBC - Seattle, WA news from The Seattle Post Intelligencer Front Page</title>
    <snippet>The Seattle Post Intelligencer—Seattle, WA. MORE NEWS AND OTHER FEATURES. MORE NEWS FROM The Seattle Post Intelligencer. MORE LOCAL LINKS FROM THE SEATTLE P-I. Most Popular. Most Viewed. Top Rated. Most E-mailed. MORE NEWS FROM YOUR REGION ... The Seattle Post Intelligencer—Seattle, WA. •MAKE THIS YOUR LOCAL NEWS ...</snippet>
    <url>http://www.msnbc.msn.com/id/3084013/</url>
  </document>
</searchresult>
